lsoa_code,building_density
E01000907,46.02076693
E01000908,40.2858414
E01000909,28.96189853
E01000912,8.351493221
E01000913,11.85260774
E01000893,5.635553087
E01000894,17.9116789
E01000895,40.44389597
E01000896,29.1373249
E01000899,6.640598709
E01000910,26.26990833
E01000911,29.55472786
E01000921,39.36720234
E01000923,34.71993514
E01000928,35.04092383
E01000878,26.52932866
E01000879,38.9847461
E01000880,22.18756591
E01000884,22.79416568
E01000885,18.83520851
E01000871,51.3388488
E01000872,24.44398678
E01000873,29.54918283
E01000874,33.96338528
E01000877,32.74976009
E01000886,36.95308618
E01000887,36.59372127
E01000888,35.65211415
E01000892,28.16431464
E01000903,29.51391227
E01000889,23.87252936
E01000890,19.68999936
E01000891,29.63669052
E01000901,20.17647615
E01000922,38.55761369
E01000927,36.17884959
E01000881,27.40276038
E01000882,28.15753302
E01000883,31.21286267
E01000897,28.24201053
E01000898,47.83213115
E01000866,29.5385686
E01000870,21.8188144
E01000924,28.30730575
E01000925,25.02492791
E01000926,36.95231963
E01000969,23.74732953
E01000970,36.39498939
E01000971,35.89664236
E01000972,27.61946107
E01000973,22.43792615
E01000842,28.77961906
E01000844,31.4810302
E01000848,29.56012242
E01000849,34.08381417
E01000900,32.45576218
E01000902,27.98422706
E01000904,35.19974549
E01000905,37.26226083
E01000906,18.28039224
E01000875,20.22608893
E01000876,25.11464959
E01000931,30.96432878
E01000932,40.61857788
E01000974,27.05847569
E01000843,28.13792039
E01000845,25.75675333
E01000846,20.17686232
E01000847,21.7722767
E01000867,28.12682828
E01000868,29.77295406
E01000869,27.75052309
E01000962,28.39492836
E01000964,22.04090538
E01000965,25.5895738
E01000966,27.16790689
E01000968,28.88290125
E01000960,30.88061224
E01000961,20.02469353
E01000963,29.35507896
E01000967,13.90404006
E01000857,28.5377997
E01000858,25.20910024
E01000859,42.92363344
E01000860,10.87831197
E01000862,31.95248997
E01000856,30.61252481
E01000861,34.71400786
E01000957,20.83299169
E01000958,39.72105903
E01000959,31.70044797
E01000929,23.90990992
E01000930,30.5003812
E01000933,36.34953611
E01000934,26.19904366
E01000935,20.14873873
E01000863,49.58004043
E01000946,16.36697744
E01000947,32.74820679
E01000948,19.15901345
E01000952,43.06476263
E01000954,17.03179701
E01000955,44.2943298
E01000956,35.03427395
E01000944,27.94779025
E01000949,29.45160012
E01000951,22.10521016
E01000850,53.69140038
E01000851,45.98080549
E01000915,53.77105112
E01000916,56.69306815
E01000917,52.35141441
E01000920,45.90007619
E01000855,44.30970721
E01000914,39.41650029
E01000918,54.54274466
E01000919,46.84136475
E01000938,42.24990454
E01000939,38.98035275
E01000942,43.81645344
E01000941,32.9963155
E01000943,39.89904445
E01000937,19.21680811
E01000853,50.38011034
E01001690,18.25207031
E01001692,26.1580115
E01001693,17.40961372
E01001694,9.984912352
E01001687,16.17654723
E01001688,22.09297748
E01033739,13.08109444
E01033740,13.67739739
E01033741,20.18204364
E01033743,4.965865637
E01033745,25.12791736
E01001575,15.381308
E01001576,18.02330576
E01001577,18.29546039
E01001578,23.78538374
E01001579,34.39322258
E01001705,26.18143832
E01001708,21.90150024
E01001710,19.08665081
E01001672,14.03851182
E01001673,29.41720441
E01001674,21.00783464
E01001675,28.57649552
E01001677,22.81238586
E01001631,21.5771089
E01001632,41.26625456
E01001635,15.34596009
E01001636,43.24595334
E01033742,18.46131254
E01033744,18.73638519
E01001571,24.07644361
E01001572,21.53047576
E01001573,20.82999199
E01001574,9.1906277
E01001629,25.60525259
E01001633,30.4618878
E01001634,20.85761321
E01001637,18.40654638
E01001695,25.33881118
E01001696,29.36997045
E01001697,28.57363571
E01001700,30.15009014
E01001703,22.76758019
E01001704,26.36428381
E01001588,18.81525657
E01001589,23.43967609
E01001591,19.00173318
E01001595,13.27220815
E01001590,25.12939884
E01001592,22.50750535
E01001593,26.42722304
E01001594,21.52356731
E01001698,26.11311088
E01001699,10.78802296
E01001701,15.79957873
E01001702,29.16652978
E01001581,22.27397363
E01001585,21.41190473
E01001586,16.0323516
E01001587,25.4824266
E01001678,22.39179161
E01001683,30.47732274
E01001684,2.904782399
E01001685,22.22856886
E01001646,20.38834747
E01001650,19.68836951
E01001651,9.595323266
E01001652,23.28335569
E01001679,32.72495678
E01001680,6.757509493
E01001681,23.8870612
E01001682,9.782460921
E01001686,22.26094921
E01001580,16.92751116
E01001582,14.2267609
E01001583,19.9593724
E01001584,15.46574386
E01001645,16.48761855
E01001647,13.1046305
E01001648,42.99184904
E01001649,19.28775401
E01001605,5.665102697
E01001606,22.47480426
E01001610,17.54068784
E01001611,19.92430075
E01001620,15.83149501
E01001621,9.898480043
E01001623,14.26991602
E01001624,18.15017071
E01001625,14.81576108
E01001604,21.90555903
E01001607,19.64152787
E01001608,12.84465874
E01001609,25.87471563
E01001613,11.651025
E01001614,34.4498955
E01001615,9.34580588
E01001617,7.796514179
E01001653,11.30841929
E01001654,14.25807285
E01001655,10.80577612
E01001660,10.23793974
E01001661,31.97970464
E01001618,18.3138394
E01001619,23.54168045
E01033729,29.9932335
E01001597,14.60154783
E01001598,12.04914203
E01001602,18.39266293
E01001603,21.92178217
E01001596,17.79620726
E01001599,10.99752158
E01001600,14.56064891
E01001601,17.98600011
E01001669,22.87041591
E01001671,25.53019745
E01001676,25.19527619
E01032567,50.32187177
E01001656,15.60519936
E01001657,12.78272591
E01001658,21.85909964
E01001659,27.38896597
E01033727,28.83342631
E01033728,28.3831926
E01001664,29.23099615
E01001665,37.52325431
E01033738,23.91028865
E01001638,24.13352804
E01001641,38.57173633
E01001642,5.688501099
E01001644,27.66432906
E01033746,24.85520681
E01033736,26.13934274
E01033734,32.51145141
E01033732,27.38227597
E01001666,33.4711837
E01001712,15.47370429
E01033737,25.92277078
E01033735,44.73079265
E01001808,34.94666037
E01001809,33.42941261
E01001814,39.34453296
E01001823,23.38435764
E01001825,36.1008663
E01001714,15.80946073
E01001811,18.38613144
E01001813,22.02253546
E01001799,30.07707012
E01001802,24.85021491
E01001804,24.35830491
E01001807,26.71978525
E01001812,15.90216316
E01001725,39.59939124
E01001726,25.12430539
E01001800,28.76179915
E01001824,11.87712521
E01001826,24.71748563
E01001723,31.45995044
E01001724,36.00215139
E01001727,38.89410395
E01001768,35.21047566
E01001769,20.69271182
E01001715,27.18609741
E01001716,27.81875027
E01001717,20.69481489
E01001718,33.61427894
E01001719,24.21284289
E01001720,26.78892164
E01001742,37.85914567
E01001801,53.96940919
E01001803,20.46580281
E01001806,13.89582804
E01001741,38.99362943
E01001805,62.82249151
E01001829,38.53340004
E01001831,36.96328742
E01001832,30.87834462
E01001764,33.59669056
E01001765,22.60712507
E01001767,27.22438554
E01001770,33.62756164
E01033703,31.79667685
E01033713,10.68722881
E01001792,20.75785094
E01001793,19.37460146
E01001794,32.45252431
E01001795,44.16537119
E01001796,38.92423694
E01001736,27.24611938
E01001737,38.34312751
E01001738,30.26331424
E01001739,33.81038287
E01001786,2.19260707
E01001787,12.55247932
E01001788,19.23453067
E01001790,33.58030545
E01001740,30.95371196
E01001747,45.87398751
E01001830,30.97985364
E01001833,29.58430648
E01001834,33.49385039
E01001835,45.88356323
E01001733,39.0424377
E01001785,32.22230784
E01001789,29.70979161
E01001791,29.34398706
E01001745,39.00630987
E01001746,22.75335758
E01001757,25.71608241
E01001758,35.61443249
E01001759,25.65717755
E01001761,31.79300748
E01001731,37.11206097
E01001734,29.50413661
E01001760,32.81085162
E01001762,28.48612262
E01001846,10.84549642
E01001847,24.92781063
E01001848,26.16373918
E01001849,19.73152126
E01001729,48.76947672
E01001730,39.80922707
E01001732,29.42309941
E01001735,35.85806287
E01001838,24.78079828
E01001850,19.34887663
E01001749,27.48836697
E01001763,27.8701875
E01001816,25.73733476
E01001819,24.76834699
E01001836,36.70833999
E01001840,31.50168762
E01001841,19.1676094
E01001844,24.65829367
E01001845,22.57876593
E01001837,29.18917575
E01001839,39.32385325
E01001842,32.01215466
E01001843,28.95267586
E01033704,22.751313
E01033712,25.83667509
E01001772,30.8870875
E01001774,28.74841742
E01001775,21.43883299
E01001815,24.82097019
E01001820,24.55594485
E01001821,25.00361199
E01001753,24.45459594
E01001755,44.47081873
E01001773,33.44817226
E01001776,28.51644626
E01001781,10.68286944
E01001783,19.08657088
E01001798,27.82749494
E01001828,27.45025314
E01033702,31.95667912
E01033705,10.88270442
E01033710,26.36256934
E01001722,32.12246417
E01001728,28.00865233
E01001822,26.52952126
E01001827,18.34542733
E01033699,41.65330107
E01033700,36.37216922
E01001756,33.04026884
E01001744,24.82434855
E01001751,23.51295813
E01001750,26.86253051
E01001784,29.57671873
E01033709,40.01762295
E01033711,41.68473712
E01001780,32.6770659
E01001777,36.34254898
E01033706,51.13041484
E01033708,44.71965244
E01001875,21.3933841
E01001876,18.19857546
E01001877,28.0304252
E01001878,23.21700766
E01001955,32.48687482
E01001957,29.00182281
E01001958,21.01844229
E01001961,29.22698178
E01001954,29.99656971
E01001956,26.71424601
E01001959,19.05372822
E01001960,37.63071054
E01001943,38.89911147
E01001944,20.37902252
E01001945,31.61892293
E01001946,23.49887589
E01001862,30.10717293
E01001940,32.91486781
E01001941,41.97908729
E01001942,38.12841036
E01001858,31.87333984
E01001860,33.36429605
E01001861,31.20552636
E01001863,34.70126178
E01001864,38.67325829
E01001852,32.67091544
E01001853,34.32971157
E01001854,35.61075848
E01001857,38.74358753
E01001859,31.33355174
E01001865,38.13452989
E01001927,22.62217852
E01001930,21.71187346
E01001895,36.91204233
E01001896,30.77707699
E01001897,44.60103766
E01001929,38.4441689
E01001851,45.66438247
E01001855,34.02323542
E01001856,35.72439835
E01001869,40.13142857
E01001873,33.52182953
E01001928,25.74498644
E01001931,30.20961406
E01001932,37.58306487
E01001933,28.78843889
E01001866,47.86004601
E01001867,40.57705579
E01001868,31.34530388
E01001870,28.71679565
E01001871,39.07193636
E01001872,26.81092095
E01001893,30.90162345
E01001894,27.59992286
E01001898,33.09482268
E01001899,40.33556289
E01001900,30.32551156
E01001889,59.49915225
E01001910,23.33569217
E01001913,18.42103221
E01001914,29.21447002
E01001885,22.74358059
E01001908,44.41757463
E01001909,45.52298126
E01001911,29.4214127
E01001912,25.08151036
E01001886,31.31740096
E01001887,23.27866347
E01001890,67.1802494
E01001892,45.46606057
E01001880,38.70070104
E01001881,43.1486416
E01001882,48.65085533
E01001883,34.6905925
E01001884,40.09923241
E01001888,36.79924063
E01001891,32.96299456
E01001917,36.67131575
E01001918,33.43318688
E01001919,36.0622709
E01001879,42.46691887
E01001901,43.12975511
E01001902,43.92076136
E01001903,46.45103202
E01001920,36.1968217
E01001921,38.14974645
E01001922,29.28525856
E01001923,33.7704707
E01001924,39.19792638
E01001947,30.83639966
E01001948,42.75528987
E01001949,45.83762041
E01001950,44.62910015
E01001951,38.53224567
E01001953,38.54393491
E01001904,64.11719474
E01001905,46.75115317
E01001906,41.79606336
E01001907,40.97396912
E01001935,41.05712514
E01032788,37.68683303
E01032789,37.13679346
E01032790,22.13780957
E01001915,17.12772404
E01001916,9.963176936
E01001926,42.58621335
E01001952,38.98994278
E01001925,39.23778679
E01001934,35.77965735
E01001937,24.36754322
E01001938,33.34178702
E01002755,24.36041638
E01002756,22.33623949
E01002758,18.4355759
E01002804,25.67847601
E01002807,32.76341652
E01002811,23.50016766
E01002753,35.80755455
E01002754,26.61753892
E01002757,27.86097937
E01002759,28.78411245
E01002760,28.130451
E01002772,37.35657204
E01002735,37.87666795
E01002805,41.33731505
E01002806,36.87175451
E01002808,27.9022354
E01002809,27.99092312
E01002810,34.6163476
E01002768,25.56195282
E01002770,43.88615369
E01002771,22.22681485
E01002773,41.39964644
E01002774,24.56548889
E01002732,23.62375054
E01002734,27.135201
E01002736,37.56026409
E01002737,35.16686989
E01002751,21.95676922
E01002742,35.76664861
E01002747,44.02347499
E01002748,17.91658943
E01002749,36.13166601
E01033493,43.81645077
E01033494,31.10762625
E01002730,30.90684849
E01002733,30.69778523
E01002763,31.54992462
E01002769,24.08286499
E01002785,30.15512598
E01002788,24.72599795
E01002789,25.90398829
E01002738,27.14682628
E01002741,18.51254232
E01002743,24.24938366
E01002744,29.09856494
E01002752,25.03839607
E01002764,25.01906655
E01002783,21.07778443
E01002784,35.30129614
E01002786,27.46744892
E01002787,25.80479553
E01002762,28.33606684
E01002767,25.64998708
E01033486,22.60148318
E01033487,34.00773188
E01033488,27.65645342
E01033491,42.72551092
E01002777,23.96557798
E01002778,24.845169
E01002779,29.32502053
E01002781,22.68054163
E01002782,27.02476022
E01002739,36.5476657
E01002740,23.64514673
E01002745,30.83959958
E01002795,27.88058906
E01002796,36.13335787
E01002716,25.6054888
E01002718,28.40819729
E01002721,20.04436248
E01002775,18.07844435
E01002776,25.08465723
E01002780,27.97352052
E01002708,28.69200679
E01002712,28.86229148
E01002713,33.17856296
E01002765,32.08887075
E01002766,23.15783073
E01002717,19.0065855
E01002719,22.25240608
E01002720,24.07213411
E01002790,32.53860089
E01002791,32.41764542
E01002793,30.89865791
E01002698,30.1581897
E01002699,35.02548107
E01002700,22.43332318
E01002714,30.26175346
E01002792,37.56606357
E01002722,24.79381369
E01002797,34.11365914
E01002798,29.01350551
E01002799,31.88371688
E01002800,38.3165668
E01002694,20.89890642
E01002697,31.07571635
E01002709,29.19827098
E01002710,31.25044608
E01002715,30.58840447
E01002696,38.39990619
E01002794,43.33763805
E01002801,38.41709086
E01002802,31.99297173
E01002695,38.72405066
E01002711,42.1853404
E01002727,29.913219
E01002728,30.46930527
E01002729,28.66537976
E01002707,43.10172596
E01002723,43.63057626
E01002724,45.1107605
E01002725,35.17953421
E01002726,33.02431899
E01033489,51.80437124
E01033490,50.70150398
E01002701,45.31995308
E01002702,30.69855136
E01002703,33.26196496
E01002704,44.15709965
E01002706,31.06503301
E01002852,49.29261129
E01002853,31.02120292
E01002854,14.72441078
E01002855,35.83437594
E01002857,27.30026869
E01002904,12.90036379
E01002905,42.40219613
E01002906,31.409964
E01002907,26.40070175
E01002876,33.6290473
E01002877,23.56105957
E01002878,20.72586223
E01002908,29.99796919
E01002909,29.21457466
E01002829,37.96112496
E01002830,31.65140702
E01002831,38.15052604
E01002832,37.4346944
E01002856,26.86011395
E01002870,34.74337822
E01002872,32.22333685
E01002879,30.90234585
E01002880,28.25773386
E01002881,32.68148891
E01002882,21.18868997
E01002883,36.26655122
E01002884,33.62598792
E01002885,42.5287043
E01002886,35.96503246
E01002833,35.95044389
E01002871,32.99306391
E01002873,28.11179171
E01002874,24.6208048
E01002875,21.9123623
E01002824,22.43351231
E01002825,40.37742531
E01002826,27.13934836
E01002827,26.9899052
E01002828,35.86461978
E01002864,14.41454285
E01002866,23.73169246
E01002867,26.93287696
E01002868,20.08699668
E01002869,30.36206002
E01002887,38.48388388
E01002889,48.85091153
E01002890,42.48425025
E01002891,42.51606335
E01002892,51.01770879
E01002813,37.48461068
E01002815,30.6639112
E01002816,45.53144933
E01002817,32.90728704
E01002865,31.72582871
E01002818,42.57210366
E01002819,40.37156881
E01002859,45.0239359
E01002860,45.83473109
E01002863,40.89327898
E01002812,35.68780035
E01002834,43.97560261
E01002839,37.92067176
E01002850,42.48046105
E01002888,41.38893983
E01002821,38.2938656
E01002823,30.58724089
E01002858,41.87340924
E01002861,44.64444308
E01002862,28.55482559
E01002814,31.80338908
E01002847,26.64522152
E01002848,21.90867939
E01002851,31.63484037
E01002835,34.04946367
E01002836,35.4313748
E01002837,43.65424001
E01002846,16.94359082
E01002849,34.23758716
E01002893,58.45712351
E01002894,58.73677239
E01002898,32.58673575
E01002899,45.54036812
E01002900,28.70884553
E01002901,10.46487663
E01002902,33.61809407
E01002903,44.71907505
E01002844,36.87449563
E01002845,34.66875494
E01002910,32.67711335
E01002911,38.5781913
E01002914,46.96979064
E01002896,36.31865036
E01002897,74.93208379
E01002912,48.15739262
E01002840,28.25532586
E01002841,31.35553443
E01002842,30.99953356
E01002843,32.86440416
E01002913,34.76635937
E01003015,26.02873639
E01003108,27.69222754
E01003110,34.99777685
E01003111,22.51077677
E01003112,28.06145737
E01003101,28.86300884
E01003105,28.58485498
E01003106,33.19415512
E01003107,35.65927647
E01003102,37.41260244
E01003104,34.50834194
E01003122,29.97729591
E01003129,34.01141777
E01033208,30.07678387
E01003098,29.49479194
E01003099,12.67509378
E01003100,39.23421134
E01003180,26.18249363
E01003183,29.5528294
E01003097,30.7297881
E01003121,19.32914067
E01003123,27.70869729
E01003124,22.14746561
E01003125,19.10218533
E01003181,32.05621106
E01003184,23.53271417
E01003185,33.26209009
E01003186,20.97720915
E01003187,27.34400807
E01003089,21.91961251
E01003091,26.80990906
E01003092,28.02818842
E01003126,23.20477537
E01003128,24.86776246
E01003046,30.25941104
E01003048,13.96727852
E01003075,27.61164312
E01003182,25.2739926
E01003188,27.07114299
E01003088,29.19473843
E01003093,26.11731946
E01003094,36.44946823
E01003096,31.72356345
E01003127,35.15837004
E01003045,25.38679684
E01003047,28.97735646
E01003049,24.1617714
E01003059,36.84340429
E01003060,31.4513674
E01003061,39.24085882
E01003034,27.41090312
E01003035,41.03806423
E01003036,30.93994316
E01003090,32.67919985
E01003095,24.57026778
E01003037,33.46735049
E01003038,30.81982506
E01003039,30.95574883
E01003040,25.531078
E01003042,21.80966272
E01003072,23.73099544
E01003073,35.1211091
E01003076,33.20648316
E01003077,29.37287671
E01003078,24.08549333
E01003019,38.79922184
E01003053,37.26484507
E01003054,40.0235561
E01003056,33.47288599
E01003058,40.79988728
E01003020,36.00833619
E01003050,33.66895928
E01003052,31.08021063
E01003055,28.16309737
E01003176,18.17410226
E01003029,33.01798387
E01003032,27.14348776
E01003041,31.19291511
E01003057,25.62425551
E01003043,34.44114455
E01003044,30.26175428
E01003051,24.99364893
E01003071,28.64291029
E01003074,6.755734152
E01003026,10.94940892
E01003027,32.22212129
E01003028,30.33676517
E01003030,23.42889776
E01003033,38.86152395
E01003018,37.91071286
E01003171,33.04975119
E01003173,36.26900656
E01003177,30.06798001
E01003178,30.38672849
E01003021,25.14143181
E01003022,27.93467154
E01003023,38.16203302
E01003024,21.92951673
E01003025,25.22543347
E01003136,22.26470972
E01003137,16.91757467
E01003159,26.76229451
E01003160,15.01307922
E01003162,19.83094588
E01003031,24.11664729
E01003156,28.65847842
E01003157,44.92937286
E01003158,32.22416494
E01003161,29.50197608
E01003163,20.7022519
E01003132,20.47054196
E01003172,23.93048595
E01003174,26.95630702
E01003175,21.20698592
E01003179,31.41967898
E01003164,23.0030663
E01003165,23.34708338
E01003168,13.19211705
E01003169,35.4943991
E01003170,23.50428869
E01003130,28.83599491
E01003131,26.03139053
E01003135,31.64296904
E01003138,27.83695063
E01003151,23.23987778
E01003079,17.05691893
E01003080,25.03320452
E01003133,20.67460984
E01003134,25.31155443
E01003152,35.57412778
E01003064,31.23036816
E01003066,59.08855323
E01003081,33.16645141
E01003166,31.66160664
E01003167,24.71989766
E01003116,31.28112553
E01003117,29.9006263
E01003118,27.06133338
E01003153,31.32319853
E01003155,26.42670936
E01003083,24.43019855
E01003084,28.90788518
E01003085,19.17480622
E01003149,28.79113525
E01003154,25.57408031
E01003065,23.26475707
E01003068,18.48443596
E01003082,25.69893586
E01003086,32.88799804
E01003087,18.80621187
E01003113,24.99188726
E01003114,25.24579717
E01003119,26.54000136
E01003120,34.01235019
E01003148,23.75359442
E01003150,22.89174004
E01003062,30.17139037
E01003063,21.94233432
E01003067,27.03203486
E01003069,10.23475463
E01003070,20.08277878
E01003115,28.13774628
E01003141,23.97339025
E01003144,10.15623858
E01003145,28.22205358
E01003147,24.31215673
E01003139,23.89118079
E01003140,30.86083777
E01003142,33.57824972
E01003143,22.76223453
E01003146,23.78400606
E01003013,39.21747611
E01003014,18.93004268
E01003016,35.91199982
E01003017,33.26754793
E01032582,24.98033801
E01003244,15.9629577
E01003245,19.5092761
E01003247,24.9706146
E01003249,19.04937826
E01003246,22.52597936
E01003248,13.2169514
E01003251,14.28745078
E01003252,19.75385078
E01003253,29.44784567
E01003297,18.27906229
E01003299,26.20179309
E01003301,22.09089007
E01003302,22.16791746
E01003305,30.50597813
E01003207,30.35274144
E01003209,28.30034837
E01003210,25.73334776
E01003212,22.23471662
E01003215,41.72586597
E01003338,27.3533189
E01003339,25.81306407
E01003340,28.10721037
E01003341,18.2206814
E01003343,22.03312443
E01003199,31.05546021
E01003201,22.65556412
E01003204,11.9370979
E01003205,18.23425088
E01003206,15.74261692
E01003211,23.96734308
E01003213,18.97950478
E01003214,22.71600952
E01033324,22.49424827
E01033325,19.7526114
E01003198,22.86780196
E01003200,8.271112908
E01003202,19.95753976
E01003203,24.62627859
E01003336,18.82013366
E01003337,18.86944471
E01003342,28.7513109
E01003344,25.1987781
E01003345,26.2182675
E01003273,16.39746025
E01003277,23.95034905
E01003278,27.26326845
E01003279,20.48436786
E01003282,22.56616566
E01003283,23.82333017
E01003284,24.68985198
E01003286,24.24305201
E01003272,28.3172313
E01003274,24.55656076
E01003275,18.11867243
E01003276,43.89072886
E01003225,34.49182653
E01003231,26.52501309
E01003232,19.10972262
E01003233,25.07778974
E01003280,17.56540051
E01003281,15.34820235
E01003285,20.40880707
E01003287,25.37422566
E01003292,33.52729567
E01003293,28.17013572
E01003295,22.24885869
E01033320,22.43652989
E01033322,27.94566443
E01003319,30.52571941
E01003320,17.0259059
E01003323,20.1324465
E01003325,28.34388892
E01003226,23.291935
E01003227,18.7568654
E01003228,26.49711656
E01003229,30.45666236
E01003230,18.96880386
E01003318,20.96297409
E01003321,39.73983091
E01003322,25.36232669
E01003324,38.61380457
E01003254,14.77873937
E01003255,25.08193342
E01003260,19.69772897
E01003261,19.88258789
E01003262,16.70305058
E01003217,23.55324273
E01003218,23.80201399
E01003220,24.60522281
E01003222,21.30796874
E01003224,24.79932623
E01003263,18.71112845
E01003268,13.8987931
E01003269,15.722164
E01003270,12.55373013
E01003271,15.97723402
E01003307,26.04503885
E01003308,24.69536838
E01003314,27.81328097
E01003315,21.00066443
E01003316,22.84533093
E01003216,26.72057524
E01003219,23.14551174
E01003221,24.86099794
E01003223,22.62214894
E01003346,27.35386948
E01003349,23.5474298
E01003351,19.10073408
E01003354,44.43991924
E01003309,16.40146063
E01003310,25.0823771
E01003311,20.26305531
E01003312,24.20628838
E01003313,18.64321719
E01003256,21.6238438
E01003257,18.43115218
E01003258,15.76588021
E01003259,31.58908619
E01003193,23.41296331
E01003194,11.21449995
E01003195,15.97124688
E01003196,17.36160015
E01003197,15.30665777
E01003347,25.28460176
E01003348,17.38204927
E01003350,11.12993687
E01003352,17.15343912
E01003353,19.07336244
E01003264,17.33504711
E01003265,12.0117937
E01003266,22.34505286
E01003267,36.16172015
E01003329,22.14115586
E01003330,10.43145906
E01003331,18.66816796
E01003332,21.91357174
E01003334,22.72027649
E01003189,21.82868802
E01003190,13.38030809
E01003191,22.92553786
E01003192,9.911159177
E01003326,24.78084121
E01003327,25.12209914
E01003328,19.5478269
E01003333,33.57647349
E01003335,23.27350498
E01003236,20.08681394
E01003237,26.91365187
E01003238,19.2155939
E01003239,22.72232867
E01032564,14.50949418
E01003235,9.17324422
E01003240,18.27940031
E01003241,14.05445733
E01003243,13.37405394
E01032565,22.50318022
E01003298,24.45552381
E01003300,27.83881291
E01003303,19.94232964
E01003304,30.64522239
E01032579,31.10758594
E01003288,22.33291569
E01033327,32.01354366
E01033341,22.18954476
E01003291,26.31960402
E01003290,23.45967116
E01004029,23.15619481
E01004032,27.26508584
E01004053,32.97210832
E01004054,23.66688511
E01004055,20.31809223
E01003929,44.04992923
E01003934,30.94902926
E01003935,33.7702813
E01003939,49.55348453
E01003975,22.66618765
E01004023,24.66343895
E01004028,31.08737651
E01003938,22.76272024
E01003940,25.17044743
E01003941,32.07252178
E01003942,37.51436187
E01003979,32.04568148
E01003981,40.11748135
E01004030,32.70942192
E01004031,19.62058245
E01004033,24.10124383
E01004034,12.33021628
E01004036,25.29912645
E01004056,24.5998437
E01004057,19.35689581
E01004058,16.27000506
E01004059,18.74498704
E01004060,27.82207906
E01003936,25.08357962
E01003937,27.81218433
E01003943,22.33765881
E01003977,36.39381406
E01004037,25.42817179
E01004038,29.46262842
E01004042,25.16160569
E01004043,28.83476039
E01003986,15.70847791
E01003987,25.59083233
E01004024,27.89860701
E01004035,11.29733502
E01003960,24.40069062
E01003961,28.25773158
E01003994,31.75724642
E01003980,38.0818452
E01004039,23.37053126
E01004040,24.81005614
E01004041,23.28903777
E01004044,25.21658215
E01003992,20.85929545
E01003995,33.66597604
E01003998,33.08614944
E01003999,26.32886885
E01032639,35.76369873
E01032719,25.50225127
E01003966,32.26071153
E01003971,23.85237361
E01003963,27.52340544
E01003972,39.61265249
E01003973,31.5125578
E01003923,27.55769364
E01003969,17.52596965
E01003991,24.07641815
E01003993,16.16754306
E01003997,26.10424262
E01003983,27.45751849
E01003988,22.56735397
E01003989,26.76415722
E01003990,27.56052998
E01004007,22.6593468
E01003912,25.84712369
E01004011,26.17259422
E01004012,38.40365274
E01004013,26.19549623
E01004014,29.57801956
E01003911,29.87681433
E01003916,37.04610304
E01003917,28.0165973
E01003918,32.02930021
E01003925,27.87037981
E01003919,33.95748584
E01003920,24.90390903
E01003921,33.15909533
E01003922,37.26859319
E01003924,23.35992435
E01003926,39.04188108
E01004008,28.23643982
E01004010,24.84452777
E01004067,39.75077857
E01003984,26.82912301
E01004003,21.52368227
E01004004,32.06328671
E01004005,26.85564986
E01004006,26.32028707
E01003913,45.70146249
E01003914,28.55510471
E01003915,29.62602472
E01004050,17.04153293
E01004052,26.59538183
E01004061,22.95625154
E01004062,40.57719295
E01004063,30.63686523
E01004065,34.70357791
E01004066,29.99924219
E01004000,27.26552044
E01004001,51.30237398
E01004019,28.1565904
E01004064,25.00823463
E01004068,24.69852471
E01004045,24.28577746
E01004047,20.30087744
E01004048,34.28221537
E01004049,16.27950498
E01004051,18.23207523
E01003953,39.34383043
E01003955,30.1819978
E01004015,7.096517468
E01004021,25.63420099
E01004046,25.24109897
E01004002,54.89776444
E01004016,40.65505147
E01004017,22.2930992
E01004020,22.67147524
E01003952,36.6821977
E01003954,35.49814885
E01003956,35.45893857
E01004071,34.97192711
E01004072,38.81469647
E01004069,8.409427459
E01004070,22.61013196
E01004073,27.71572949
E01004074,19.00075247
E01004075,11.83863017
E01003949,19.66551973
E01003950,10.18470691
E01003957,29.05756637
E01003958,28.10801548
E01004018,50.7216443
E01003945,5.926455121
E01003946,24.01779282
E01003947,19.21314476
E01003948,12.45972133
E01003951,22.05333953
E01003930,37.10715451
E01003932,46.21749343
E01003933,22.17568532
E01032583,39.73356051
E01032584,32.25525477
E01032640,53.05828328
E01032834,56.94099613
E01032638,46.49684122
E01032637,55.29340182
E01032646,42.94677971
E01032803,46.51533647
E01003976,28.5626757
E01004222,32.27448055
E01004223,4.113536153
E01004226,36.2703784
E01004198,27.52553047
E01004199,32.71420433
E01004201,33.24273515
E01004228,33.11072201
E01004230,22.03112069
E01004232,20.54636182
E01004233,19.33571285
E01004234,7.77329032
E01004229,38.35972687
E01004231,25.35906406
E01032764,20.25207264
E01032765,28.92987523
E01032784,28.12871334
E01004200,31.62456094
E01004202,27.35317506
E01004203,30.23388963
E01004204,30.91440121
E01004311,26.04002359
E01004315,28.9853389
E01004259,36.13390744
E01004260,19.34675617
E01004263,27.77538481
E01004266,34.49095232
E01004235,25.05422556
E01004236,23.20890856
E01004237,34.58205689
E01004239,24.34564395
E01004312,41.05369772
E01004313,28.92937537
E01004316,38.80758955
E01004264,22.0316459
E01032785,23.03204777
E01032786,21.9282872
E01004207,24.02121324
E01004209,12.81146209
E01004212,25.88207757
E01032787,28.95484496
E01004240,18.3582842
E01004241,15.2318469
E01004267,16.57095598
E01004268,27.58586722
E01004205,36.82452797
E01004206,18.59205409
E01004208,34.30784732
E01004211,18.27945862
E01004270,11.61461712
E01004271,29.83714989
E01004272,42.31691852
E01004306,41.83759863
E01004307,55.19705291
E01004308,41.19852809
E01004309,30.49650111
E01004310,42.60203513
E01004283,16.2989511
E01004287,30.58503832
E01004289,32.23865752
E01004290,32.42147195
E01004322,51.04093454
E01004323,29.02684405
E01004324,32.32890812
E01004326,32.49516068
E01004245,43.94977841
E01004248,27.46760799
E01004249,21.51227594
E01004286,27.59019299
E01004288,34.74257848
E01004243,27.33473109
E01004244,34.6234157
E01004247,25.19104333
E01004319,24.56731995
E01004321,43.60055932
E01032767,46.89880148
E01004298,44.77295173
E01004300,24.95371831
E01004304,52.30703281
E01004305,28.33812149
E01004251,24.2158284
E01004255,30.11501603
E01004258,24.52619327
E01004256,24.24494081
E01004257,19.62722521
E01004301,18.28230667
E01004302,25.16219644
E01004303,22.75534562
E01032768,23.01543427
E01032769,24.90896598
E01004292,22.10611984
E01004295,17.58711105
E01004296,33.06105068
E01004291,33.10193729
E01004293,24.73104021
E01004297,31.62026157
E01004214,18.74178632
E01004216,24.25077299
E01004217,14.73504585
E01004218,30.65149145
E01004274,30.74595663
E01004275,30.18212557
E01004276,31.11524804
E01004281,19.29086376
E01032775,32.50725023
E01032783,24.18846851
E01004280,21.31674914
E01032770,39.38660217
E01032772,25.96292818
E01032774,14.00600374
E01004277,26.96217722
E01032771,30.34250547
E01032781,33.66248068
E01032782,25.1102969
E01032776,18.82492156
E01032777,22.26614788
E01004219,19.68135593
E01032779,23.31091577
E01032780,14.11666474
E01004221,24.04964301
E01004560,5.509687697
E01004566,25.93215931
E01004582,33.53054902
E01004583,33.34610299
E01004539,34.79194652
E01004540,30.34376139
E01004577,33.45033019
E01004584,20.23365701
E01004579,44.77616577
E01004580,30.65484898
E01004581,33.27601396
E01033099,26.83935315
E01033133,30.12159576
E01004565,41.6649945
E01004590,31.63078327
E01004591,32.43903987
E01004592,38.01532916
E01004604,34.03768955
E01004605,24.70995653
E01004606,42.38764939
E01004607,32.09547211
E01004608,32.83907979
E01004535,18.09720176
E01004537,22.11932588
E01004538,23.82970901
E01004541,30.97401315
E01004534,22.32079702
E01004536,19.13129553
E01004552,44.61043033
E01004585,32.76453055
E01004588,35.38372061
E01004554,8.731928507
E01004556,43.80822128
E01004586,39.64532317
E01004587,47.64316617
E01004589,42.79460772
E01004511,34.48095271
E01004602,30.14783436
E01004609,42.24722438
E01033135,29.83618624
E01004506,28.81188081
E01004638,22.83362522
E01004639,22.42183887
E01004640,25.3148573
E01004641,22.99585749
E01004508,34.49251299
E01004510,24.48387758
E01004514,32.69001265
E01004515,27.50424889
E01004551,21.89748873
E01004568,63.25971652
E01004574,28.31026095
E01004575,11.43128112
E01004576,21.52739385
E01004500,32.82765311
E01004501,20.87655198
E01004503,17.71953507
E01004505,18.45382174
E01004507,25.90391061
E01004553,35.71693023
E01004557,40.33348232
E01004558,19.8272675
E01004559,21.46680152
E01004619,11.64600721
E01004572,4.391401858
E01004642,24.00631804
E01004643,28.8702491
E01004644,24.20270111
E01004645,21.24254621
E01004477,25.28650212
E01004478,40.87606827
E01004479,31.30530858
E01004550,34.78156833
E01004555,34.81285826
E01004494,36.2142088
E01004513,33.53200032
E01004601,15.05968999
E01004493,33.69601827
E01004512,37.06595102
E01004620,37.53037933
E01004621,20.0239531
E01004623,34.24898794
E01004627,34.03334141
E01004499,40.93035409
E01004502,29.26459119
E01004504,20.35919163
E01004594,28.80118423
E01004596,34.8132094
E01004629,23.83408117
E01004472,35.87950101
E01004474,36.68764297
E01004476,24.40819375
E01004542,32.0711907
E01004544,36.50867646
E01004628,39.84010418
E01004630,18.21254269
E01004631,25.47875479
E01004633,16.78063045
E01004569,33.34488056
E01004570,30.44097715
E01004571,19.19480065
E01004573,14.33612607
E01004495,25.59902735
E01004496,33.68840218
E01004497,36.24124819
E01004622,21.13879159
E01004624,37.16228341
E01004593,27.69215758
E01004595,33.03865619
E01004597,29.45528625
E01004598,28.76632164
E01004599,35.14515516
E01004473,34.58368921
E01004475,29.04695326
E01004480,43.85413727
E01004483,6.995897222
E01004484,9.817373904
E01004486,11.05370113
E01004543,24.43482784
E01004545,45.96346822
E01004546,36.84773581
E01004549,32.48026435
E01004625,18.96912928
E01004626,54.10776122
E01004632,10.85854454
E01004634,21.8074614
E01004635,36.92924344
E01004636,16.52675604
E01004637,19.57380454
E01004481,41.95260752
E01004488,31.80026482
E01004547,27.27096675
E01004548,30.93187405
E01004482,26.85699617
E01004485,36.48067583
E01004487,31.83941577
E01004489,17.58789206
E01004490,31.4063971
E01004491,28.81982629
E01004492,25.55761698
E01004498,34.22133766
E01004532,33.74597217
E01004611,41.47638034
E01004612,32.11926718
E01004618,35.4462842
E01004531,33.44821546
E01004533,33.83166661
E01004610,57.39622026
E01004613,37.80364915
E01004614,39.64690824
E01004615,41.83182702
E01004616,46.50521506
E01004617,80.71323803
E01004525,47.74051645
E01004526,34.8753768
E01004527,37.21212935
E01004528,31.01918879
E01004529,32.79541459
E01004530,28.81731123
E01004516,34.84179679
E01004518,37.37405318
E01004519,24.72005283
E01004520,39.79596847
E01004523,12.44530374
E01004517,29.83085418
E01004521,34.76809024
E01004522,30.51731813
E01004524,16.77189249
E01033098,7.364235403
E01033132,18.81348349
E01004567,26.33335466
E01033100,32.12253771
E01004564,19.56790658
E01004563,15.91267529
E01004647,29.3092045
E01004649,39.27706453
E01004724,42.77844547
E01004730,6.444135023
E01004646,27.51894684
E01004648,24.37554156
E01004650,28.31303081
E01004710,25.96325896
E01004711,22.96509993
E01004651,36.31730718
E01004725,22.18185999
E01004726,28.67895659
E01004728,29.73683704
E01004729,32.1202156
E01004718,37.65800757
E01004719,39.12887575
E01004720,35.42054281
E01004721,31.98703841
E01004722,37.05027047
E01004674,31.82475738
E01004675,29.48751468
E01004677,39.38367405
E01004678,31.08591601
E01004679,41.8657844
E01004723,39.78826501
E01004676,48.79638445
E01004706,13.0657073
E01004707,26.4263175
E01004708,32.22804408
E01004756,29.73198401
E01004701,29.02523337
E01004703,23.98097692
E01004705,29.66737668
E01004709,25.2982316
E01004659,39.31412024
E01004660,47.03764488
E01004712,50.1420241
E01004727,9.372949933
E01004670,24.65384211
E01004702,21.14792769
E01033598,35.08563263
E01033601,33.57239392
E01033602,30.6241907
E01033603,41.38385221
E01033604,38.75669374
E01033605,30.69794746
E01004754,26.03887691
E01004755,33.11522053
E01004757,15.64811625
E01032512,21.23381292
E01032513,22.16340964
E01004713,57.26657537
E01004714,52.05070637
E01004716,35.82935624
E01004717,51.60958021
E01004762,52.59922803
E01004657,47.60846112
E01004658,46.48951935
E01004661,40.38252488
E01004662,45.08800037
E01004663,39.55076763
E01004715,48.66439231
E01004763,55.77770991
E01004765,53.6571695
E01004653,40.43280223
E01004654,38.79110529
E01004656,22.0443841
E01004760,32.82656817
E01004680,39.80486023
E01004683,33.10199122
E01004684,30.48905513
E01004686,36.09424106
E01033593,34.98873316
E01033594,37.96013754
E01004681,31.2223385
E01004682,35.92122499
E01004694,38.66833469
E01004697,41.9455272
E01004700,42.10204316
E01004652,47.71953755
E01004693,41.38316956
E01004695,43.85579932
E01004696,17.7166417
E01004698,38.9713543
E01004699,39.64228511
E01004734,51.66868274
E01004735,53.45920927
E01004736,27.84455171
E01004761,47.76609571
E01004687,37.81230543
E01004690,43.92555158
E01004691,29.46737649
E01004692,33.11053816
E01004731,27.54586924
E01004732,53.19799511
E01004733,38.2436429
E01004744,41.12517884
E01004748,53.73269348
E01004740,32.33053771
E01004743,39.50631605
E01004746,32.52951881
E01004747,37.83109217
E01004742,42.75287595
E01004749,40.65956014
E01004751,36.00944767
E01004752,41.20303027
E01004753,38.27863115
E01004668,27.57025136
E01004750,27.91222647
E01033597,32.96731826
E01033599,31.51078618
E01004665,28.27485768
E01004669,22.92499908
E01004737,27.838333
E01004741,33.37307806
