lsoa_code,population_density
E01000907,13834
E01000908,8702.9
E01000909,6776
E01000912,1771.2
E01000913,991.3
E01000893,2608.9
E01000894,5727.8
E01000895,15820.6
E01000896,9516.9
E01000899,1441.2
E01000910,10291.9
E01000911,16322.4
E01000921,15072.3
E01000923,16943.8
E01000928,6784.2
E01000878,8922.4
E01000879,7332.2
E01000880,6931.8
E01000884,6001.6
E01000885,4205
E01000871,5411.5
E01000872,11836.7
E01000873,12967.2
E01000874,17309.9
E01000877,13194.6
E01000886,12887.6
E01000887,13903.9
E01000888,15671.6
E01000892,14596.6
E01000903,13846.9
E01000889,15089.5
E01000890,17260.8
E01000891,19136.6
E01000901,18629.5
E01000922,10047.1
E01000927,15258.4
E01000881,9384.3
E01000882,11911.4
E01000883,10733.1
E01000897,7878.8
E01000898,9302.1
E01000866,13402.1
E01000870,12636.1
E01000924,15961.3
E01000925,18055.6
E01000926,15896.3
E01000969,10971.2
E01000970,20465.1
E01000971,16475.7
E01000972,13982.9
E01000973,10883.6
E01000842,13625.1
E01000844,14354.7
E01000848,14717.5
E01000849,17529
E01000900,17005
E01000902,16813.3
E01000904,17716.7
E01000905,21765.4
E01000906,10501.5
E01000875,13407.3
E01000876,16472.6
E01000931,13997.3
E01000932,26626.3
E01000974,13850.2
E01000843,14357.7
E01000845,12711.9
E01000846,17569.5
E01000847,16200.6
E01000867,21458.6
E01000868,20835.3
E01000869,16995.6
E01000962,16106.5
E01000964,13708.4
E01000965,15990.7
E01000966,12442.2
E01000968,18046.7
E01000960,16449.3
E01000961,14974.9
E01000963,9963.7
E01000967,4136
E01000857,17130.5
E01000858,8870.5
E01000859,15103.3
E01000860,5441.7
E01000862,9911.8
E01000856,13403.5
E01000861,11982.5
E01000957,11311.1
E01000958,12147
E01000959,23101.1
E01000929,19600.8
E01000930,17943.2
E01000933,16256.9
E01000934,17370.8
E01000935,25732.7
E01000863,9150.7
E01000946,3169.2
E01000947,10679.5
E01000948,7778.3
E01000952,19436.8
E01000954,31549.5
E01000955,21079.8
E01000956,9477.3
E01000944,25111.5
E01000949,25723.5
E01000951,31929.5
E01000850,7300.2
E01000851,11078.7
E01000915,20647.8
E01000916,12586.6
E01000917,22010.7
E01000920,11986.7
E01000855,4086.1
E01000914,3166.7
E01000918,10647.7
E01000919,9424.1
E01000853,24017.1
E01000937,8909.2
E01000938,16666.7
E01000939,18433.1
E01000941,27534.6
E01000942,13876.7
E01000943,22642.9
E01001690,12566
E01001692,19811.6
E01001693,11437
E01001694,4549
E01001687,3979.8
E01001688,7525.4
E01033739,15100.6
E01033740,9855.2
E01033741,4731.7
E01033743,1941.4
E01033745,3161.3
E01001575,8299.8
E01001576,8370.3
E01001577,9554.7
E01001578,8484.2
E01001579,6864.6
E01001705,12772.7
E01001708,9603.8
E01001710,20453.5
E01001672,5366.5
E01001673,13770.8
E01001674,10242.7
E01001675,15260.8
E01001677,10788
E01001631,10700.5
E01001632,16926.9
E01001635,7798.9
E01001636,13482.8
E01033742,10736.6
E01033744,12290.4
E01001571,12214.7
E01001572,10291
E01001573,11382.1
E01001574,1913.9
E01001629,10418.5
E01001633,17734.4
E01001634,14952.6
E01001637,9698.4
E01001695,15474.5
E01001696,18241.1
E01001697,17376.7
E01001700,16531.8
E01001703,24458.8
E01001704,11795.4
E01001588,3244.4
E01001589,8798.7
E01001591,10406.3
E01001595,6007
E01001590,10958.2
E01001592,8084.5
E01001593,9665.8
E01001594,15769.5
E01001698,14856.3
E01001699,2132.1
E01001701,1839.7
E01001702,17511.8
E01001581,7557.5
E01001585,8532.4
E01001586,6657.3
E01001587,7222
E01001678,6776.2
E01001683,11531.6
E01001684,1219.9
E01001685,8610.8
E01001646,13352.3
E01001650,8808.8
E01001651,6105.5
E01001652,6408.7
E01001679,6352.1
E01001680,2495.5
E01001681,9063.3
E01001682,1580.9
E01001686,10594.5
E01001580,5516.7
E01001582,4481.1
E01001583,5337
E01001584,4575.1
E01001645,6386.2
E01001647,4291.5
E01001648,4131.1
E01001649,4741.3
E01001605,2298.5
E01001606,7718.2
E01001610,7971.9
E01001611,8781.7
E01001620,6068.3
E01001621,4561.1
E01001623,6526.9
E01001624,7254.9
E01001625,6622
E01001604,6530.4
E01001607,7615.9
E01001608,3061.3
E01001609,5020.8
E01001613,2399.4
E01001614,1691.2
E01001615,2085.3
E01001617,2345.8
E01001653,5979
E01001654,5335.5
E01001655,3624
E01001660,4655.1
E01001661,3657.1
E01001618,5481.7
E01001619,6091.8
E01033729,3568.1
E01001597,4799.5
E01001598,3458.7
E01001602,8275.6
E01001603,8346
E01001596,5932.4
E01001599,3692.2
E01001600,4980.2
E01001601,6232.4
E01001669,4947.4
E01001671,8533.5
E01001676,13713.9
E01032567,3854.2
E01001656,4858.7
E01001657,3882.3
E01001658,3805.8
E01001659,4286.1
E01033727,17256.5
E01033728,23197.4
E01001664,13324.8
E01001665,10139.5
E01033738,6424.9
E01001638,16248.8
E01001641,5024.2
E01001642,1448.3
E01001644,13764.4
E01033746,11582.7
E01033734,15025.6
E01033736,17795.4
E01001666,4564.1
E01033732,10104.2
E01001712,12815.7
E01033735,12123
E01033737,8205.3
E01001808,12866.1
E01001809,16511.8
E01001814,14903.5
E01001823,10822.3
E01001825,12711.9
E01001714,13637
E01001811,21120.3
E01001813,19989.8
E01001799,14207.5
E01001802,13139.3
E01001804,15081.2
E01001807,15418.1
E01001812,7255.1
E01001725,19344.6
E01001726,26185.8
E01001800,20636.8
E01001824,7534.8
E01001826,13945
E01001723,16666.7
E01001724,24862.5
E01001727,18631.7
E01001768,18367.7
E01001769,12315.8
E01001715,16810.5
E01001716,22266.5
E01001717,11525.1
E01001718,16746.9
E01001719,25801.9
E01001720,16968.2
E01001742,14024
E01001801,11658.8
E01001803,11053.9
E01001806,4496.5
E01001741,16582.3
E01001805,8324.3
E01001829,15734.8
E01001831,15167.1
E01001832,16274.5
E01001764,16654
E01001765,14327.8
E01001767,15184.1
E01001770,13235.5
E01033703,21574.9
E01033713,5055.4
E01001792,11033.1
E01001793,9881.3
E01001794,14886.3
E01001795,12886.7
E01001796,16089.3
E01001736,17268.7
E01001737,17627.1
E01001738,19099.9
E01001739,16165.2
E01001786,1966.9
E01001787,7247
E01001788,13074.2
E01001790,27459.2
E01001740,17861.3
E01001747,16355.3
E01001830,18197.7
E01001833,18234.3
E01001834,20904.3
E01001835,16844.3
E01001733,12883.7
E01001785,17582.8
E01001789,18335.1
E01001791,14015.4
E01001745,19269.2
E01001746,34338.1
E01001757,31763.5
E01001758,20962.3
E01001759,15974.8
E01001761,16959
E01001731,15374.9
E01001734,13653.3
E01001760,13081.2
E01001762,11756.9
E01001846,2230.4
E01001847,12601.7
E01001848,12994.7
E01001849,4940.5
E01001729,15556.4
E01001730,21138.3
E01001732,29366.3
E01001735,11769.1
E01001838,26342.5
E01001850,25949.4
E01001749,13971.8
E01001763,16289.1
E01001816,11372
E01001819,11660.5
E01001836,14074.4
E01001840,14751.4
E01001841,9985.4
E01001844,12320.1
E01001845,14356.9
E01001837,12980.3
E01001839,21877.3
E01001842,23653.3
E01001843,16261.8
E01033704,10703.2
E01033712,9507.1
E01001772,27229.8
E01001774,11045
E01001775,12876.3
E01001815,16242
E01001820,16391.5
E01001821,19650.7
E01001753,20589
E01001755,16463.7
E01001773,20335.8
E01001776,16820.9
E01001781,10588.2
E01001783,26113.8
E01001798,22159.8
E01001828,18462.2
E01033702,14495.5
E01033705,8951.3
E01033710,26737.6
E01001722,21788.1
E01001728,21628.4
E01001822,23773.8
E01001827,9603.5
E01001756,12558.6
E01033699,15000
E01033700,22645.5
E01001744,14833.5
E01001750,14554.2
E01001751,9609.9
E01001780,16554.2
E01001784,23315.8
E01033709,20854.2
E01033711,24811.9
E01001777,17086.3
E01033706,10718.5
E01033708,5230.9
E01001875,10864.4
E01001876,2651.2
E01001877,1077.2
E01001878,11540.7
E01001955,9612.4
E01001957,22335.2
E01001958,37912.1
E01001961,22340.4
E01001954,17440
E01001956,11745
E01001959,10423.3
E01001960,22245.7
E01001943,5079.7
E01001944,25925.9
E01001945,14453.1
E01001946,15186.1
E01001862,19245.1
E01001940,18848
E01001941,10867.5
E01001942,19784.7
E01001858,14062.5
E01001860,19791.7
E01001861,18708.4
E01001863,17000
E01001864,20376.9
E01001852,21576.2
E01001853,18211.7
E01001854,26666.7
E01001857,21912.2
E01001859,25238.1
E01001865,13558.6
E01001927,6806.4
E01001930,6829.3
E01001895,16777.9
E01001896,16642.9
E01001897,13558.8
E01001929,15791.3
E01001851,14783
E01001855,21653.6
E01001856,19891.2
E01001869,5821.9
E01001873,24304.2
E01001928,9637.1
E01001931,19058.8
E01001932,8854.3
E01001933,8201.8
E01001866,10053.4
E01001867,12938.5
E01001868,21087
E01001870,16660.1
E01001871,11532
E01001872,19250.4
E01001893,18983.5
E01001894,8762.8
E01001898,7294.9
E01001899,12843.4
E01001900,12567.9
E01001889,9672.7
E01001910,16645.9
E01001913,12715.6
E01001914,22481.3
E01001885,23115.9
E01001908,31921.3
E01001909,20056.9
E01001911,10947.5
E01001912,15321.4
E01001886,15604.5
E01001887,13400.7
E01001890,13134.1
E01001892,18706
E01001880,11577.3
E01001881,16587.1
E01001882,20862.9
E01001883,14137.7
E01001884,22304.8
E01001888,15826.5
E01001891,14620.7
E01001917,13791.5
E01001918,14463.6
E01001919,10826.9
E01001879,18047.3
E01001901,19538.5
E01001902,22823.7
E01001903,13019
E01001920,8792.5
E01001921,14776
E01001922,8516.8
E01001923,13401.1
E01001924,15701.2
E01001947,25716.9
E01001948,16301.1
E01001949,18320.9
E01001950,13784.8
E01001951,14751.7
E01001953,15850.5
E01001904,11460
E01001905,19346.6
E01001906,23248
E01001907,18667.7
E01001935,18887.9
E01032788,13675.6
E01032789,40066.7
E01032790,14468.6
E01001915,3416.4
E01001916,3385
E01001926,14966.9
E01001952,16979.4
E01001925,11078.2
E01001934,10786.6
E01001937,9212.2
E01001938,14756.6
E01002755,13445.5
E01002756,11396.4
E01002758,14551.6
E01002804,13978.2
E01002807,18492.4
E01002811,17071.5
E01002753,17857.1
E01002754,12583.3
E01002757,15923.1
E01002759,14135.3
E01002760,19140
E01002772,18177.4
E01002735,27287.8
E01002805,11195.3
E01002806,14735.9
E01002808,14580.8
E01002809,19100.1
E01002810,21162.2
E01002768,15535.2
E01002770,8768.4
E01002771,12898.9
E01002773,17046.6
E01002774,11989.9
E01002732,13326
E01002734,20084.9
E01002736,20177.6
E01002737,25318.6
E01002751,23764.6
E01002742,18709.1
E01002747,15160.7
E01002748,11705.6
E01002749,18317.3
E01033493,36270.7
E01033494,14390.2
E01002730,12432.6
E01002733,16231.7
E01002763,13191.5
E01002769,8637.8
E01002785,13089.4
E01002788,14861.3
E01002789,13814.5
E01002738,7339.3
E01002741,14407.9
E01002743,15689.3
E01002744,13262.6
E01002752,17971.2
E01002764,13695.3
E01002783,17286.6
E01002784,13562.6
E01002786,17821.7
E01002787,13264.2
E01002762,11700
E01002767,18099.2
E01033486,15540.5
E01033487,49139.3
E01033488,16351.9
E01033491,10304.3
E01002777,14220.3
E01002778,18476.2
E01002779,15840.9
E01002781,19078.9
E01002782,16254.3
E01002739,15677.7
E01002740,10184.7
E01002745,13233.4
E01002795,10975.1
E01002796,14217.9
E01002716,17291.5
E01002718,15897.2
E01002721,13490.1
E01002775,11891.9
E01002776,16039.7
E01002780,21506.3
E01002708,6270.4
E01002712,11993
E01002713,19636.9
E01002765,16717.4
E01002766,15947.3
E01002717,9710.4
E01002719,10219.3
E01002720,20916.3
E01002790,17896.1
E01002791,12995.8
E01002793,17307.7
E01002698,18537.7
E01002699,16229.5
E01002700,7652.9
E01002714,13452.8
E01002792,17504.7
E01002722,17048.4
E01002797,16780.1
E01002798,14274.4
E01002799,22553.2
E01002800,21313.3
E01002694,23751.8
E01002697,17664
E01002709,21061.2
E01002710,11495.3
E01002715,29152.2
E01002696,11796.1
E01002794,11295.7
E01002801,13644.9
E01002802,17075.6
E01002695,12440.9
E01002711,13401.6
E01002727,13074.3
E01002728,14472.5
E01002729,11375.4
E01002707,15328.3
E01002723,16000
E01002724,7284.1
E01002725,22278.7
E01002726,10142.3
E01033489,15449.7
E01033490,11648.6
E01002701,17732.2
E01002702,21312.6
E01002703,27220.9
E01002704,7030.7
E01002706,14963.3
E01002852,4309.6
E01002853,22488.2
E01002854,8583.7
E01002855,15033.1
E01002857,22933.3
E01002904,13028.2
E01002905,9922.8
E01002906,9044.9
E01002907,24664.1
E01002876,14679.5
E01002877,13019.7
E01002878,11850.9
E01002908,14460.6
E01002909,21460.2
E01002829,24065.7
E01002830,23140.9
E01002831,15575.7
E01002832,21587.3
E01002856,18356.9
E01002870,12602.8
E01002872,13911.2
E01002879,22894.1
E01002880,17736.4
E01002881,23225.3
E01002882,8841.9
E01002883,12757.1
E01002884,17974
E01002885,24407.4
E01002886,10748
E01002833,16712.7
E01002871,11202.1
E01002873,10469.2
E01002874,13679.1
E01002875,7889.8
E01002824,8144.5
E01002825,9301.7
E01002826,5709.1
E01002827,6786.7
E01002828,12372.5
E01002864,4994.9
E01002866,11616
E01002867,15864
E01002868,5497
E01002869,17159.8
E01002887,13576.1
E01002889,13070.5
E01002890,8898.8
E01002891,11983.8
E01002892,17598.9
E01002813,13405.6
E01002815,18140.6
E01002816,17777.8
E01002817,8556.9
E01002865,11069.5
E01002818,7324.2
E01002819,5074.6
E01002859,9750.2
E01002860,10287.8
E01002863,8993.6
E01002812,16440.3
E01002834,19951.8
E01002839,24428.6
E01002850,18833.8
E01002888,19623.1
E01002821,5646.3
E01002823,15223.9
E01002858,22500
E01002861,14570.8
E01002862,24750
E01002814,15253.1
E01002847,19293.6
E01002848,15256.1
E01002851,22225.9
E01002835,9387.9
E01002836,18118.9
E01002837,16101.7
E01002846,12218
E01002849,23759.6
E01002893,16081.6
E01002894,13024.6
E01002898,12993
E01002899,16751.7
E01002900,13141.5
E01002901,3206.2
E01002902,8871.2
E01002903,11537.1
E01002844,9264.9
E01002845,16605.1
E01002910,9613.8
E01002911,10637.4
E01002914,6704.1
E01002896,13949
E01002897,10419
E01002912,13199.6
E01002840,11764
E01002841,10933.6
E01002842,55769.2
E01002843,19242.2
E01002913,16141.2
E01003015,18000
E01003108,19375.8
E01003110,13603.2
E01003111,26938.8
E01003112,12061.8
E01003101,12355.5
E01003105,17807.9
E01003106,17941.2
E01003107,14293.4
E01003102,10271.1
E01003104,21263.8
E01003122,18477.2
E01003129,20810.2
E01033208,33774.7
E01003098,18447.2
E01003099,5589.9
E01003100,19822.8
E01003180,11371.7
E01003183,10566.5
E01003097,15881.8
E01003121,25553.7
E01003123,11021.4
E01003124,16642.1
E01003125,24458.2
E01003181,18697.8
E01003184,25529.6
E01003185,21931.8
E01003186,11685.8
E01003187,16339.9
E01003089,14670.2
E01003091,21281.1
E01003092,14908.1
E01003126,17034.8
E01003128,18927.3
E01003046,17721.5
E01003048,15757.8
E01003075,21971.8
E01003182,9900.3
E01003188,15629.6
E01003088,16822
E01003093,31294.3
E01003094,18228.8
E01003096,14663.9
E01003127,15577.1
E01003045,17440.8
E01003047,9900.4
E01003049,14869.6
E01003059,28554.8
E01003060,19906.1
E01003061,16738
E01003034,14315.6
E01003035,14333.1
E01003036,15566.4
E01003090,16905.1
E01003095,10600.4
E01003037,12604.9
E01003038,12806.6
E01003039,11043.8
E01003040,8256
E01003042,11579.5
E01003072,8371.1
E01003073,9490.8
E01003076,7181.6
E01003077,18017.4
E01003078,7795.9
E01003019,13530.6
E01003053,14443.5
E01003054,25011.4
E01003056,20541.5
E01003058,21723.4
E01003020,12663.4
E01003050,16146.8
E01003052,17680.7
E01003055,11695.9
E01003176,15177
E01003029,12293.2
E01003032,9561.1
E01003041,15833.3
E01003057,17705.1
E01003043,15648
E01003044,20997
E01003051,11455.8
E01003071,13096.8
E01003074,3316.5
E01003026,4318.2
E01003027,11241.9
E01003028,10849.2
E01003030,10305.2
E01003033,10895.6
E01003018,13487
E01003171,15781.4
E01003173,13032.7
E01003177,16491.8
E01003178,13949.8
E01003021,13395.5
E01003022,13956.9
E01003023,20352.9
E01003024,14834.8
E01003025,13056.8
E01003136,14252.6
E01003137,14028.4
E01003159,12251.4
E01003160,14356.4
E01003162,16983.5
E01003031,17392.3
E01003156,13672.9
E01003157,9450.4
E01003158,13086.2
E01003161,11067.2
E01003163,7983
E01003132,10147
E01003172,15955.7
E01003174,13443.3
E01003175,13000.8
E01003179,22161.4
E01003164,12380.2
E01003165,8973.8
E01003168,7990.4
E01003169,12372.4
E01003170,5927.3
E01003130,12692
E01003131,11748.6
E01003135,18701.6
E01003138,11164
E01003151,14527.9
E01003079,7582.3
E01003080,13174
E01003133,9528.2
E01003134,9906.9
E01003152,8659.7
E01003064,9586.9
E01003066,5472.7
E01003081,9041.4
E01003166,11093.8
E01003167,8844.2
E01003116,6338.8
E01003117,11044.2
E01003118,8812.7
E01003153,17759.6
E01003155,11078.8
E01003083,10384.1
E01003084,10680.4
E01003085,7976
E01003149,6611.4
E01003154,10645.3
E01003065,13657.1
E01003068,8849
E01003082,10956.2
E01003086,10693.7
E01003087,12407.5
E01003113,10917.9
E01003114,12205.4
E01003119,12096
E01003120,16547.7
E01003148,9459.3
E01003150,11979
E01003062,13525.1
E01003063,11047.1
E01003067,10366.7
E01003069,5821.3
E01003070,12048.3
E01003115,14894.2
E01003141,11312.1
E01003144,3062.8
E01003145,9981.9
E01003147,11706.2
E01003139,11982.8
E01003140,10888.7
E01003142,10000
E01003143,9293.7
E01003146,13461.2
E01003013,5640.2
E01003014,8055.7
E01003016,7225.2
E01003017,12536.5
E01032582,7151.4
E01003244,28473.1
E01003245,18101.7
E01003247,10632
E01003249,18431.9
E01003246,9991.7
E01003248,6430.3
E01003251,7555.6
E01003252,22053.1
E01003253,9588.7
E01003297,4566.7
E01003299,11838.6
E01003301,12230.5
E01003302,14829.2
E01003305,20193.8
E01003207,19296.9
E01003209,15007.9
E01003210,9411.1
E01003212,8933.8
E01003215,8882.1
E01003338,14416.8
E01003339,11304.3
E01003340,11817.1
E01003341,7590.6
E01003343,11452.2
E01003199,6221.6
E01003201,10721.1
E01003204,6272.4
E01003205,15455.6
E01003206,6859.8
E01003211,7722.1
E01003213,9160.4
E01003214,11366.5
E01033324,8593
E01033325,22483.6
E01003198,8824.6
E01003200,1997.6
E01003202,6750.4
E01003203,13265.9
E01003336,12158.7
E01003337,10831.4
E01003342,10366.7
E01003344,8913.7
E01003345,12227.1
E01003273,8145.9
E01003277,11714.5
E01003278,13863
E01003279,8614.9
E01003282,11175.4
E01003283,9101.4
E01003284,11709.3
E01003286,9127.2
E01003272,13418.6
E01003274,10831.1
E01003275,8734.6
E01003276,4125
E01003225,7487.1
E01003231,8970.5
E01003232,8382.5
E01003233,13292.3
E01003280,8265.5
E01003281,4312.5
E01003285,7951.9
E01003287,8099.5
E01003292,13466.2
E01003293,14122.4
E01003295,9840.2
E01033320,10702.6
E01033322,17957.1
E01003319,13653
E01003320,8490.4
E01003323,8908.6
E01003325,13572.5
E01003226,10154.7
E01003227,6643.7
E01003228,11097
E01003229,7893.3
E01003230,9473.4
E01003318,5876.5
E01003321,10498.5
E01003322,11040.5
E01003324,18092.2
E01003254,4457.5
E01003255,11012.7
E01003260,7722
E01003261,8440.3
E01003262,9465.8
E01003217,12010
E01003218,10907.2
E01003220,9287.3
E01003222,8600.3
E01003224,11387.2
E01003263,5104.9
E01003268,6317.8
E01003269,7582.8
E01003270,5837.5
E01003271,5527.2
E01003307,11050.4
E01003308,11351.5
E01003314,10606.1
E01003315,9082.1
E01003316,10214.4
E01003216,7901.7
E01003219,8224.3
E01003221,6472.9
E01003223,5595.8
E01003346,4822.3
E01003349,11244.5
E01003351,9204.8
E01003354,5617.1
E01003309,10207.9
E01003310,9931.3
E01003311,8531
E01003312,8850.8
E01003313,6702.2
E01003256,9586.5
E01003257,7352
E01003258,12870.2
E01003259,8472.7
E01003193,5163.6
E01003194,5357.8
E01003195,7581.6
E01003196,6598.1
E01003197,7806
E01003347,12246.3
E01003348,5530.5
E01003350,5456.4
E01003352,10246.3
E01003353,6899.9
E01003264,7231.5
E01003265,7134.8
E01003266,10064.3
E01003267,5324
E01003329,9313.3
E01003330,6133.4
E01003331,9675.8
E01003332,7792.5
E01003334,10506.2
E01003189,9251.3
E01003190,7108.2
E01003191,8402.4
E01003192,1760.5
E01003326,13202.3
E01003327,7925.2
E01003328,9277.9
E01003333,12211.6
E01003335,12918.1
E01003236,9542.4
E01003237,6516.2
E01003238,11410.9
E01003239,7337.3
E01032564,8537.7
E01003235,2910.4
E01003240,9550.5
E01003241,5583.3
E01003243,6174.3
E01032565,6708.3
E01003298,9349.9
E01003300,12569.7
E01003303,7778.3
E01003304,13204
E01032579,12390.8
E01003288,12649.5
E01003290,13254.7
E01003291,5465.5
E01033327,6771
E01033341,10376.2
E01004029,18498.6
E01004032,10966.3
E01004053,12496.7
E01004054,12428.9
E01004055,6759.8
E01003929,8456
E01003934,8220.4
E01003935,9067.8
E01003939,12883.2
E01003975,21760.4
E01004023,14477.6
E01004028,20141.7
E01003938,23784.1
E01003940,29174.3
E01003941,21194
E01003942,15888.8
E01003979,11849.6
E01003981,7928.5
E01004030,15925.1
E01004031,6102.8
E01004033,16698.9
E01004034,12139.6
E01004036,21816.3
E01004056,12357.3
E01004057,9187.9
E01004058,12229.4
E01004059,6602.9
E01004060,20132.9
E01003936,17576.7
E01003937,16016.7
E01003943,24572.4
E01003977,14478
E01004037,13654.8
E01004038,11168.5
E01004042,13240.9
E01004043,11356.8
E01003986,8791.6
E01003987,13394
E01004024,16345.5
E01004035,6357.6
E01003960,13993.7
E01003961,17211.6
E01003994,12898.4
E01003980,10314.6
E01004039,18025.7
E01004040,17105.3
E01004041,21237
E01004044,20483.6
E01003992,21607.6
E01003995,21401.9
E01003998,15245.7
E01003999,16976.2
E01032639,21492.7
E01032719,34819.3
E01003966,20992.1
E01003971,22421.4
E01003963,28922.6
E01003972,20151.1
E01003973,18634.3
E01003923,13765.8
E01003969,8658.9
E01003991,16113.9
E01003993,23539
E01003997,17075.1
E01003983,15950.6
E01003988,5245
E01003989,9212.9
E01003990,16137.2
E01004007,18060.1
E01003912,23921.6
E01004011,18479
E01004012,16685.6
E01004013,16099.4
E01004014,23318.7
E01003911,18593.1
E01003916,15962.9
E01003917,16914.8
E01003918,16877.9
E01003925,23001.1
E01003919,10440.6
E01003920,24246.3
E01003921,16055.3
E01003922,16118.3
E01003924,26314.5
E01003926,13056.1
E01004008,20776.9
E01004010,11709.4
E01004067,9505.8
E01003984,13828.5
E01004003,14433.9
E01004004,13387.8
E01004005,15143.2
E01004006,12291.9
E01003913,8678.8
E01003914,12740.4
E01003915,18993.8
E01004050,7524.4
E01004052,10115.8
E01004061,7936.8
E01004062,13313.3
E01004063,10705.3
E01004065,13428.3
E01004066,14663.4
E01004000,12002.5
E01004001,9043.5
E01004019,15533.6
E01004064,11849.8
E01004068,10165.3
E01004045,25432.7
E01004047,16235.2
E01004048,4025.2
E01004049,12523.3
E01004051,8504.3
E01003953,9945.7
E01003955,13565.3
E01004015,3155
E01004021,13942
E01004046,10568.7
E01004002,5051.9
E01004016,4531.8
E01004017,4613.4
E01004020,8917.3
E01003952,12537.9
E01003954,15746.8
E01003956,16000
E01004071,12157.6
E01004072,5942.5
E01004069,1411.3
E01004070,6071.5
E01004073,9498.5
E01004074,4820.6
E01004075,2908.8
E01003949,8267.4
E01003950,8148
E01003957,10604.3
E01003958,12168.4
E01004018,7035.9
E01003945,2068.3
E01003946,4148.5
E01003947,11510.4
E01003948,6545.8
E01003951,1405.2
E01003930,18263.7
E01003932,12600.2
E01003933,10728.2
E01032583,13486.8
E01032584,15530
E01032637,26069.7
E01032638,27277.2
E01032640,22747.3
E01032834,28873.2
E01003976,19958.3
E01032646,12327.1
E01032803,24851.5
E01004222,19754
E01004223,3740.7
E01004226,25937.5
E01004198,15684.2
E01004199,24565.2
E01004201,13012.3
E01004228,15342.8
E01004230,13590.9
E01004232,9249.9
E01004233,26522.3
E01004234,4468.7
E01004229,13657.4
E01004231,15114.8
E01032764,7266.9
E01032765,21654.3
E01032784,26414.2
E01004200,26167.2
E01004202,17994.7
E01004203,17186.3
E01004204,22106.5
E01004311,21757.1
E01004315,16527.2
E01004259,13150.8
E01004260,18195.7
E01004263,16944.8
E01004266,17685.7
E01004235,33047.9
E01004236,15204.7
E01004237,23430.3
E01004239,16601.1
E01004312,21928.1
E01004313,25851.6
E01004316,29601.1
E01004264,23700.7
E01032785,34560.4
E01032786,27684.4
E01004207,20787.2
E01004209,17251.2
E01004212,25410
E01032787,23110.3
E01004240,19423.3
E01004241,14315.1
E01004267,10436.4
E01004268,34216.6
E01004205,16306.4
E01004206,19037.7
E01004208,12225
E01004211,9890.7
E01004270,8248.1
E01004271,25683
E01004272,28143.5
E01004306,15123.2
E01004307,10880.3
E01004308,17298.9
E01004309,22026.8
E01004310,22004.4
E01004283,14444.4
E01004287,26439.5
E01004289,18419
E01004290,19268.3
E01004322,9880.1
E01004323,22998.6
E01004324,20984.3
E01004326,22517.9
E01004245,13846.9
E01004248,17777.8
E01004249,13415.8
E01004286,15878.2
E01004288,18015.6
E01004243,13319
E01004244,14901.8
E01004247,22184.9
E01004319,27906.5
E01004321,20595
E01032767,11645.6
E01004298,17453.8
E01004300,27777.8
E01004304,20778.2
E01004305,20438.6
E01004251,20251.4
E01004255,16890.3
E01004258,15349.3
E01004256,11793.4
E01004257,17772.5
E01004301,17359.4
E01004302,33581.5
E01004303,13163.7
E01032768,18898.4
E01032769,13205.1
E01004292,11139.2
E01004295,24637.1
E01004296,18000
E01004291,16704.5
E01004293,6035.8
E01004297,16328.8
E01004214,24000
E01004216,19955.4
E01004217,5031.5
E01004218,13234.9
E01004274,23038.9
E01004275,18125.5
E01004276,25085.6
E01004281,15826.7
E01032775,34405.8
E01032783,15931.8
E01004280,14190.3
E01032770,48672.8
E01032772,29570
E01032774,8833.9
E01004277,3637.6
E01032771,4400.8
E01032781,31335.8
E01032782,29270.8
E01032776,26098.5
E01004219,13639.1
E01032777,11045.8
E01032779,47627.1
E01032780,5840
E01004221,14834.8
E01004560,2809
E01004566,17676.1
E01004582,16352.2
E01004583,11339.5
E01004539,15382.4
E01004540,16118.3
E01004577,15948.3
E01004584,33449.6
E01004579,15937
E01004580,19501.8
E01004581,15609.1
E01033099,18152.1
E01033133,19833.9
E01004565,19005.7
E01004590,12946.1
E01004591,15346.8
E01004592,17578.3
E01004604,4164.7
E01004605,9391.4
E01004606,15812.9
E01004607,9696.4
E01004608,17349.3
E01004535,24242.8
E01004537,17589.1
E01004538,21794.2
E01004541,17882
E01004534,7491.2
E01004536,15573.2
E01004552,18489.7
E01004585,14111.3
E01004588,12031.1
E01004554,4065.3
E01004556,16526.1
E01004586,21754.6
E01004587,16867.5
E01004589,19260.5
E01004511,9857.5
E01004602,11908.9
E01004609,10384.1
E01033135,11809.1
E01004506,10975.2
E01004638,5027.4
E01004639,7569.8
E01004640,10102.3
E01004641,9094.4
E01004508,14570.6
E01004510,11114.5
E01004514,11123.3
E01004515,16068.7
E01004551,7344
E01004568,7637.6
E01004574,10052.3
E01004575,3491.8
E01004576,3602.5
E01004500,12157.7
E01004501,9308.3
E01004503,8596
E01004505,8122.5
E01004507,14273.9
E01004553,8842.1
E01004557,15970.4
E01004558,8149.3
E01004559,8293.8
E01004619,2635
E01004572,2141.4
E01004642,9595.5
E01004643,11616.4
E01004644,6379.1
E01004645,13346
E01004477,8064.2
E01004478,16589
E01004479,10485.4
E01004550,9451.4
E01004555,12305.5
E01004494,14764.3
E01004513,12670.6
E01004601,8097.3
E01004493,13949.8
E01004512,12621.5
E01004620,15820.9
E01004621,3854.3
E01004623,11884.6
E01004627,14267.7
E01004499,11516.5
E01004502,11540.1
E01004504,6817.2
E01004594,11837.2
E01004596,13715
E01004629,6521.9
E01004472,13592.7
E01004474,13656.1
E01004476,9427.7
E01004542,11918.1
E01004544,14965.9
E01004628,10276.7
E01004630,15470.5
E01004631,11651.2
E01004633,19987.9
E01004569,8279.5
E01004570,16400.7
E01004571,15048.9
E01004573,1001.3
E01004495,13455
E01004496,10916.3
E01004497,8970.1
E01004622,9130.4
E01004624,3916.4
E01004593,9017.2
E01004595,8012.4
E01004597,13536.1
E01004598,15038.5
E01004599,14133.6
E01004473,16296
E01004475,14394.7
E01004480,21812.4
E01004483,4625.7
E01004484,4818.3
E01004486,5285.6
E01004543,8315.8
E01004545,13194.8
E01004546,16375.5
E01004549,13501.2
E01004625,5285.4
E01004626,3192.7
E01004632,5465.4
E01004634,12013
E01004635,10183.8
E01004636,9549.9
E01004637,10324.2
E01004481,15968.8
E01004488,12346.9
E01004547,12286.5
E01004548,12272.5
E01004482,13139.2
E01004485,11289.9
E01004487,14182.5
E01004489,7527.6
E01004490,12371.9
E01004491,14570.3
E01004492,6295.2
E01004498,14916
E01004532,15975.6
E01004611,12608
E01004612,13305.6
E01004618,12884
E01004531,20381.5
E01004533,16548.6
E01004610,6929.8
E01004613,16822.2
E01004614,13860.8
E01004615,9246.3
E01004616,17920.6
E01004617,4424.1
E01004525,13806.5
E01004526,17133.2
E01004527,16523.9
E01004528,11665.5
E01004529,17167.3
E01004530,12840.3
E01004516,8166.5
E01004518,13718.4
E01004519,12930.8
E01004520,12328.6
E01004523,5438.5
E01004517,14920.8
E01004521,16757.2
E01004522,14765.2
E01004524,13900.2
E01033098,5208.8
E01033132,7742.3
E01004563,14094.4
E01004564,4905.8
E01004567,19497.1
E01033100,16366
E01004647,7131.1
E01004649,7172.7
E01004724,23494.4
E01004730,3245.2
E01004646,8062.7
E01004648,10850.9
E01004650,10318.2
E01004710,15151.3
E01004711,25329.1
E01004651,17750
E01004725,4745.3
E01004726,9094.8
E01004728,19412.6
E01004729,24628.1
E01004718,25155.6
E01004719,18843
E01004720,19254.9
E01004721,15959.3
E01004722,33354
E01004674,21662.9
E01004675,26104.3
E01004677,24135
E01004678,22589.2
E01004679,25817
E01004723,23222.5
E01004676,18223.8
E01004706,10573.5
E01004707,14274.6
E01004708,18953.2
E01004756,25639.7
E01004701,19444.4
E01004703,9595.8
E01004705,18228.4
E01004709,19076.6
E01004659,14294.5
E01004660,21013.2
E01004712,14432.3
E01004727,1365.6
E01004670,32623.3
E01004702,17090.7
E01033598,25725
E01033601,36415.4
E01033602,26282.3
E01033603,25421.7
E01033604,16380
E01033605,22252.4
E01004754,22626.5
E01004755,21303.2
E01004757,13406.1
E01032512,14193.9
E01032513,23152
E01004713,7561.8
E01004714,4908.8
E01004716,5839.9
E01004717,12799.2
E01004762,5283.1
E01004657,9774.6
E01004658,14975.4
E01004661,15049
E01004662,14732.1
E01004663,15296.7
E01004715,16424
E01004763,6866.5
E01004765,6967.5
E01004653,21563.9
E01004654,20702.2
E01004656,13000.7
E01004760,23575.4
E01004680,10904.3
E01004683,11478.1
E01004684,16741.6
E01004686,22241.7
E01033593,18744.6
E01033594,7139.5
E01004681,10460.8
E01004682,13693.8
E01004694,14384.8
E01004697,24241.9
E01004700,25808.7
E01004652,34361.7
E01004693,14822.5
E01004695,19056.9
E01004696,21664.2
E01004698,14288.8
E01004699,15042.9
E01004734,5201.5
E01004735,4268.3
E01004736,1230.7
E01004761,2316.4
E01004687,7122
E01004690,4507
E01004691,3298.9
E01004692,6783.6
E01004731,2967
E01004732,18753.6
E01004733,4720.4
E01004744,13447.3
E01004748,13974.8
E01004740,26741.8
E01004743,30612.2
E01004746,30839.5
E01004747,20138.5
E01004742,26937.9
E01004749,15860.6
E01004751,20236.4
E01004752,37938.7
E01004753,29645.3
E01004668,25818.2
E01004750,6181.2
E01033597,17255.6
E01033599,19772
E01004665,30397.5
E01004669,23902.8
E01004737,15074.3
E01004741,22895.2
