id,longitude,latitude,captured_at,captured_date,captured_year,compass_angle,height,width,lsoa_code,borough,imd_quintile,filename,download_timestamp,download_batch
2134317890369577,-0.1722408,51.5477141,1750097312000,2025-06-16T18:08:32Z,2025,24.883,2880,5760,E01000882,Camden,1,2134317890369577.jpg,2025-08-01T17:46:12Z,supplement
1358117558601726,-0.173961,51.5470619,1750097624000,2025-06-16T18:13:44Z,2025,173.459,2880,5760,E01000882,Camden,1,1358117558601726.jpg,2025-08-01T17:46:13Z,supplement
1678577746163007,-0.1740282,51.5469083,1750097630000,2025-06-16T18:13:50Z,2025,224.037,2880,5760,E01000882,Camden,1,1678577746163007.jpg,2025-08-01T17:46:14Z,supplement
750337834399348,-0.1749292,51.5464845,1750097646000,2025-06-16T18:14:06Z,2025,222.242,2880,5760,E01000882,Camden,1,750337834399348.jpg,2025-08-01T17:46:15Z,supplement
1115528553743213,-0.1756294,51.545769,1750097672000,2025-06-16T18:14:32Z,2025,160.824,2880,5760,E01000882,Camden,1,1115528553743213.jpg,2025-08-01T17:46:17Z,supplement
584818817608133,-0.1751513,51.5463321,1750097652000,2025-06-16T18:14:12Z,2025,220,2880,5760,E01000882,Camden,1,584818817608133.jpg,2025-08-01T17:46:19Z,supplement
690735727110929,-0.1712956,51.5496921,1750097372000,2025-06-16T18:09:32Z,2025,328.821,2880,5760,E01000882,Camden,1,690735727110929.jpg,2025-08-01T17:46:20Z,supplement
1945925622904737,-0.1709113,51.5472748,1750097288000,2025-06-16T18:08:08Z,2025,291.845,2880,5760,E01000882,Camden,1,1945925622904737.jpg,2025-08-01T17:46:21Z,supplement
204005251315485,-0.1757088,51.5463351,1460368277828,2016-04-11T09:51:17Z,2016,176.48754246241,1536,2048,E01000882,Camden,1,204005251315485.jpg,2025-08-01T17:46:23Z,supplement
1202839526836332,-0.1757994,51.548814,1460368237308,2016-04-11T09:50:37Z,2016,179.10866587917,1536,2048,E01000882,Camden,1,1202839526836332.jpg,2025-08-01T17:46:24Z,supplement
790846394901991,-0.1758491,51.5503748,1460368211195,2016-04-11T09:50:11Z,2016,171.07623870831,1536,2048,E01000882,Camden,1,790846394901991.jpg,2025-08-01T17:46:25Z,supplement
335754274548665,-0.1757658,51.5475369,1460368259366,2016-04-11T09:50:59Z,2016,176.6351659198,1536,2048,E01000882,Camden,1,335754274548665.jpg,2025-08-01T17:46:27Z,supplement
133749912066283,-0.175804,51.5500717,1460368215256,2016-04-11T09:50:15Z,2016,171.81295759383,1536,2048,E01000882,Camden,1,133749912066283.jpg,2025-08-01T17:46:28Z,supplement
4607456765937262,-0.1757177,51.5462221,1460368279851,2016-04-11T09:51:19Z,2016,181.96134856701,1536,2048,E01000882,Camden,1,4607456765937262.jpg,2025-08-01T17:46:29Z,supplement
489060422439586,-0.1757932,51.5487678,1460368239295,2016-04-11T09:50:39Z,2016,174.38652244644,1536,2048,E01000882,Camden,1,489060422439586.jpg,2025-08-01T17:46:30Z,supplement
1107742116391577,-0.175718,51.5464578,1460368275761,2016-04-11T09:51:15Z,2016,170.40463781401,1536,2048,E01000882,Camden,1,1107742116391577.jpg,2025-08-01T17:46:32Z,supplement
2888956821377561,-0.175817,51.5491744,1460368227288,2016-04-11T09:50:27Z,2016,177.6690463463,1536,2048,E01000882,Camden,1,2888956821377561.jpg,2025-08-01T17:46:34Z,supplement
867652333813863,-0.1758297,51.5501957,1460368213307,2016-04-11T09:50:13Z,2016,175.30330593583,1536,2048,E01000882,Camden,1,867652333813863.jpg,2025-08-01T17:46:36Z,supplement
905155763547450,-0.1757765,51.5469536,1460368267774,2016-04-11T09:51:07Z,2016,175.03963987647,1536,2048,E01000882,Camden,1,905155763547450.jpg,2025-08-01T17:46:37Z,supplement
494769071652643,-0.1757139,51.5460881,1460368281777,2016-04-11T09:51:21Z,2016,178.14691150249,1536,2048,E01000882,Camden,1,494769071652643.jpg,2025-08-01T17:46:38Z,supplement
1049309767342836,-0.11738845552527,51.542896800545,1745313617799,2025-04-22T09:20:17Z,2025,181.97887289915,2048,4096,E01002714,Islington,1,1049309767342836.jpg,2025-08-01T17:46:42Z,supplement
665627356104426,-0.11737542109546,51.543008041377,1745313616198,2025-04-22T09:20:16Z,2025,182.09517114298,2048,4096,E01002714,Islington,1,665627356104426.jpg,2025-08-01T17:46:43Z,supplement
544479098495524,-0.11737725447509,51.543062967771,1745313615297,2025-04-22T09:20:15Z,2025,173.91434587791,2048,4096,E01002714,Islington,1,544479098495524.jpg,2025-08-01T17:46:44Z,supplement
1074180354620722,-0.11739117038462,51.542924148077,1745313617432,2025-04-22T09:20:17Z,2025,187.09035504413,2048,4096,E01002714,Islington,1,1074180354620722.jpg,2025-08-01T17:46:45Z,supplement
660735123443699,-0.11738313420004,51.54317409308,1745313613662,2025-04-22T09:20:13Z,2025,175.19592979891,2048,4096,E01002714,Islington,1,660735123443699.jpg,2025-08-01T17:46:47Z,supplement
1962831657868351,-0.11737947819012,51.543090785612,1745313614863,2025-04-22T09:20:14Z,2025,178.12520995521,2048,4096,E01002714,Islington,1,1962831657868351.jpg,2025-08-01T17:46:48Z,supplement
1239637144465767,-0.11737951732487,51.542980028776,1745313616665,2025-04-22T09:20:16Z,2025,188.60245721248,2048,4096,E01002714,Islington,1,1239637144465767.jpg,2025-08-01T17:46:49Z,supplement
1447512046417107,-0.11738,51.543147185152,1745313614062,2025-04-22T09:20:14Z,2025,180,2048,4096,E01002714,Islington,1,1447512046417107.jpg,2025-08-01T17:46:50Z,supplement
1023919532611987,-0.11737725447509,51.543062967771,1745313615297,2025-04-22T09:20:15Z,2025,173.91434587791,2048,4096,E01002714,Islington,1,1023919532611987.jpg,2025-08-01T17:46:51Z,supplement
23954099290883023,-0.11737532212741,51.543035200853,1745313615764,2025-04-22T09:20:15Z,2025,183.95302382581,2048,4096,E01002714,Islington,1,23954099290883023.jpg,2025-08-01T17:46:52Z,supplement
345361841250653,-0.11704196300111,51.540269542652,1694360039804,2023-09-10T15:33:59Z,2023,355.05922946964,3024,4032,E01002714,Islington,1,345361841250653.jpg,2025-08-01T17:46:54Z,supplement
5949166288517152,-0.11677131939298,51.538896140757,1694359990821,2023-09-10T15:33:10Z,2023,354.40055823644,3024,4032,E01002714,Islington,1,5949166288517152.jpg,2025-08-01T17:46:56Z,supplement
316034770915622,-0.11708747670066,51.540425636113,1694360043771,2023-09-10T15:34:03Z,2023,355.76659219245,3024,4032,E01002714,Islington,1,316034770915622.jpg,2025-08-01T17:46:57Z,supplement
619158450272516,-0.11714066524928,51.541029797942,1694360055027,2023-09-10T15:34:15Z,2023,352.95474660663,3024,4032,E01002714,Islington,1,619158450272516.jpg,2025-08-01T17:46:58Z,supplement
350886017364028,-0.11708341993643,51.540471678709,1694360044870,2023-09-10T15:34:04Z,2023,352.63074251972,3024,4032,E01002714,Islington,1,350886017364028.jpg,2025-08-01T17:46:59Z,supplement
1369881746897779,-0.11747608931564,51.542728891511,1694360086415,2023-09-10T15:34:46Z,2023,354.57897718081,3024,4032,E01002714,Islington,1,1369881746897779.jpg,2025-08-01T17:47:01Z,supplement
633130845602841,-0.1174317455726,51.542428641003,1694360078233,2023-09-10T15:34:38Z,2023,352.14882688683,3024,4032,E01002714,Islington,1,633130845602841.jpg,2025-08-01T17:47:02Z,supplement
1000734464304528,-0.11755105529303,51.543174257789,1694360114937,2023-09-10T15:35:14Z,2023,354.51821296526,3024,4032,E01002714,Islington,1,1000734464304528.jpg,2025-08-01T17:47:04Z,supplement
316545674216281,-0.11667357338125,51.53808003123,1694359975571,2023-09-10T15:32:55Z,2023,352.12018925603,3024,4032,E01002714,Islington,1,316545674216281.jpg,2025-08-01T17:47:05Z,supplement
1957108884675866,-0.11748322740772,51.542766183058,1694360105913,2023-09-10T15:35:05Z,2023,358.29733752264,3024,4032,E01002714,Islington,1,1957108884675866.jpg,2025-08-01T17:47:06Z,supplement
1497015427382685,-0.096044709823912,51.457198933628,1656164156540,2022-06-25T13:35:56Z,2022,220.69648174213,3024,4032,E01004073,Southwark,1,1497015427382685.jpg,2025-08-01T17:47:08Z,supplement
863903457533071,-0.096752,51.4528899,1564563285000,2019-07-31T08:54:45Z,2019,264.26616850913,3000,4000,E01004073,Southwark,1,863903457533071.jpg,2025-08-01T17:47:10Z,supplement
319993332821008,-0.0958756,51.451577999972,1564688863000,2019-08-01T19:47:43Z,2019,146.70725634503,3000,4000,E01004073,Southwark,1,319993332821008.jpg,2025-08-01T17:47:12Z,supplement
1021995838541458,-0.096247299972222,51.4520527,1564688853000,2019-08-01T19:47:33Z,2019,158.63223529475,3000,4000,E01004073,Southwark,1,1021995838541458.jpg,2025-08-01T17:47:14Z,supplement
1157867104684504,-0.088224999999966,51.454008,1492792972329,2017-04-21T16:42:52Z,2017,108.5607,3024,4032,E01004073,Southwark,1,1157867104684504.jpg,2025-08-01T17:47:16Z,supplement
372424664124092,-0.090115999999966,51.455385,1492792888189,2017-04-21T16:41:28Z,2017,131.9904,3024,4032,E01004073,Southwark,1,372424664124092.jpg,2025-08-01T17:47:18Z,supplement
501518131276321,-0.088350999999989,51.454055,1492792926819,2017-04-21T16:42:06Z,2017,108.6363,3024,4032,E01004073,Southwark,1,501518131276321.jpg,2025-08-01T17:47:19Z,supplement
507931663582399,-0.08814899999993,51.453963,1492792974400,2017-04-21T16:42:54Z,2017,111.8671,3024,4032,E01004073,Southwark,1,507931663582399.jpg,2025-08-01T17:47:20Z,supplement
3889179627863405,-0.090486000000055,51.457084,1492792861123,2017-04-21T16:41:01Z,2017,96.08899,3024,4032,E01004073,Southwark,1,3889179627863405.jpg,2025-08-01T17:47:22Z,supplement
259968082535951,-0.090013999999996,51.455254,1492792892003,2017-04-21T16:41:32Z,2017,126.8042,3024,4032,E01004073,Southwark,1,259968082535951.jpg,2025-08-01T17:47:23Z,supplement
1129718447541788,-0.089923999999996,51.455161,1492792896273,2017-04-21T16:41:36Z,2017,121.4805,3024,4032,E01004073,Southwark,1,1129718447541788.jpg,2025-08-01T17:47:24Z,supplement
296277891950098,-0.096234236153805,51.451908276154,1504274427094,2017-09-01T14:00:27Z,2017,152.67260742188,480,800,E01004073,Southwark,1,296277891950098.jpg,2025-08-01T17:47:25Z,supplement
221107236070185,-0.095407060799971,51.4511112968,1504274444956,2017-09-01T14:00:44Z,2017,141.56158447266,480,800,E01004073,Southwark,1,221107236070185.jpg,2025-08-01T17:47:25Z,supplement
828161301413945,-0.096296434452256,51.452073402297,1504274423936,2017-09-01T14:00:23Z,2017,174.50048828125,480,800,E01004073,Southwark,1,828161301413945.jpg,2025-08-01T17:47:27Z,supplement
931954664291664,-0.096600574931131,51.452950873829,1504274406349,2017-09-01T14:00:06Z,2017,158.46166992188,480,800,E01004073,Southwark,1,931954664291664.jpg,2025-08-01T17:47:28Z,supplement
176934880970896,-0.09645515307534,51.452537016468,1504274415328,2017-09-01T14:00:15Z,2017,170.39855957031,480,800,E01004073,Southwark,1,176934880970896.jpg,2025-08-01T17:47:30Z,supplement
220195146186039,-0.097015885840733,51.452993406549,1504274399925,2017-09-01T13:59:59Z,2017,86.450988769531,480,800,E01004073,Southwark,1,220195146186039.jpg,2025-08-01T17:47:30Z,supplement
167513725195042,-0.096110421203662,51.451776367407,1504274429939,2017-09-01T14:00:29Z,2017,153.84399414062,480,800,E01004073,Southwark,1,167513725195042.jpg,2025-08-01T17:47:31Z,supplement
173815257973006,-0.097515702088799,51.452968758225,1504274393948,2017-09-01T13:59:53Z,2017,78.478485107422,480,800,E01004073,Southwark,1,173815257973006.jpg,2025-08-01T17:47:33Z,supplement
479653829948832,-0.09650252283609,51.452703250645,1504274411932,2017-09-01T14:00:11Z,2017,167.017578125,480,800,E01004073,Southwark,1,479653829948832.jpg,2025-08-01T17:47:33Z,supplement
1740673333228237,-0.1717031,51.4597819,1751314051650,2025-06-30T20:07:31Z,2025,0,3120,4160,E01004553,Wandsworth,1,1740673333228237.jpg,2025-08-01T17:47:38Z,supplement
2460459384338259,-0.1707794,51.4600982,1751314041698,2025-06-30T20:07:21Z,2025,0,3120,4160,E01004553,Wandsworth,1,2460459384338259.jpg,2025-08-01T17:47:40Z,supplement
786585640697458,-0.1666311,51.4608793,1751313934665,2025-06-30T20:05:34Z,2025,0,3120,4160,E01004553,Wandsworth,1,786585640697458.jpg,2025-08-01T17:47:41Z,supplement
735588408856977,-0.1675883,51.4608393,1751313979663,2025-06-30T20:06:19Z,2025,0,3120,4160,E01004553,Wandsworth,1,735588408856977.jpg,2025-08-01T17:47:43Z,supplement
1127004085934912,-0.1709641,51.4600207,1751314044663,2025-06-30T20:07:24Z,2025,0,3120,4160,E01004553,Wandsworth,1,1127004085934912.jpg,2025-08-01T17:47:44Z,supplement
1740042266617359,-0.17321422666667,51.459182373333,1751314062133,2025-06-30T20:07:42Z,2025,238.52517453704,2160,3840,E01004553,Wandsworth,1,1740042266617359.jpg,2025-08-01T17:47:45Z,supplement
1691564568231223,-0.17161082,51.45975585,1751314047300,2025-06-30T20:07:27Z,2025,244.30340873641,2160,3840,E01004553,Wandsworth,1,1691564568231223.jpg,2025-08-01T17:47:47Z,supplement
661693853585234,-0.16923163333333,51.460540393333,1751313992266,2025-06-30T20:06:32Z,2025,252.60449929932,2160,3840,E01004553,Wandsworth,1,661693853585234.jpg,2025-08-01T17:47:48Z,supplement
1772100016718773,-0.17203286,51.45959883,1751314051100,2025-06-30T20:07:31Z,2025,239.65861256034,2160,3840,E01004553,Wandsworth,1,1772100016718773.jpg,2025-08-01T17:47:49Z,supplement
1034156575541584,-0.16723263333333,51.4608643,1751313971933,2025-06-30T20:06:11Z,2025,270.00003324348,2160,3840,E01004553,Wandsworth,1,1034156575541584.jpg,2025-08-01T17:47:50Z,supplement
1038769741655664,-0.16683280666667,51.4608398,1751313967133,2025-06-30T20:06:07Z,2025,270.0000325771,2160,3840,E01004553,Wandsworth,1,1038769741655664.jpg,2025-08-01T17:47:51Z,supplement
1043162721340842,-0.16892792,51.460605433333,1751313989933,2025-06-30T20:06:29Z,2025,253.37565960639,2160,3840,E01004553,Wandsworth,1,1043162721340842.jpg,2025-08-01T17:47:52Z,supplement
1423329018806525,-0.1664372,51.4608534,1751313930333,2025-06-30T20:05:30Z,2025,261.47212623261,2160,3840,E01004553,Wandsworth,1,1423329018806525.jpg,2025-08-01T17:47:53Z,supplement
24232443513063585,-0.1721147,51.459568983333,1751314051833,2025-06-30T20:07:31Z,2025,239.65861256034,2160,3840,E01004553,Wandsworth,1,24232443513063585.jpg,2025-08-01T17:47:55Z,supplement
1063889688597189,-0.17078884652778,51.460043595139,1751314024166,2025-06-30T20:07:04Z,2025,234.51725937216,2160,3840,E01004553,Wandsworth,1,1063889688597189.jpg,2025-08-01T17:47:56Z,supplement
1674415200173560,-0.17207378,51.459583906667,1751314051466,2025-06-30T20:07:31Z,2025,239.65861256034,2160,3840,E01004553,Wandsworth,1,1674415200173560.jpg,2025-08-01T17:47:57Z,supplement
688906784050806,-0.16943996666667,51.460492073333,1751313993933,2025-06-30T20:06:33Z,2025,247.28667539096,2160,3840,E01004553,Wandsworth,1,688906784050806.jpg,2025-08-01T17:47:58Z,supplement
1161046879369685,-0.17195936666667,51.459630553333,1751314050433,2025-06-30T20:07:30Z,2025,234.54835821801,2160,3840,E01004553,Wandsworth,1,1161046879369685.jpg,2025-08-01T17:47:59Z,supplement
2767849613550207,-0.16835726333333,51.460708563333,1751313985566,2025-06-30T20:06:25Z,2025,257.86793342616,2160,3840,E01004553,Wandsworth,1,2767849613550207.jpg,2025-08-01T17:48:01Z,supplement
1942378082834835,-0.17278397,51.45933105,1751314058100,2025-06-30T20:07:38Z,2025,243.9480131565,2160,3840,E01004553,Wandsworth,1,1942378082834835.jpg,2025-08-01T17:48:02Z,supplement
1113612453924200,-0.10408512276094,51.5654256633,1750936492387,2025-06-26T11:14:52Z,2025,154.59609877545,2048,4096,E01001718,Hackney,2,1113612453924200.jpg,2025-08-01T17:48:07Z,supplement
1524282691677316,-0.10383858734007,51.565280845791,1750936492820,2025-06-26T11:14:52Z,2025,148.8738174186,2048,4096,E01001718,Hackney,2,1524282691677316.jpg,2025-08-01T17:48:08Z,supplement
705339118822599,-0.10189156379765,51.563153889734,1744475453037,2025-04-12T16:30:53Z,2025,125.97627269804,3024,4032,E01001718,Hackney,2,705339118822599.jpg,2025-08-01T17:48:09Z,supplement
1229339468907557,-0.10353311226064,51.564184006557,1744475351026,2025-04-12T16:29:11Z,2025,127.51669447785,3024,4032,E01001718,Hackney,2,1229339468907557.jpg,2025-08-01T17:48:10Z,supplement
2346085722440819,-0.10183266543922,51.563105190551,1744475454042,2025-04-12T16:30:54Z,2025,125.97627269804,3024,4032,E01001718,Hackney,2,2346085722440819.jpg,2025-08-01T17:48:12Z,supplement
710934651721249,-0.10386182654586,51.564383744064,1751827371035,2025-07-06T18:42:51Z,2025,127.52180135836,3024,4032,E01001718,Hackney,2,710934651721249.jpg,2025-08-01T17:48:13Z,supplement
1427980992221776,-0.10262483564696,51.563635801265,1751827447038,2025-07-06T18:44:07Z,2025,139.28618746091,3024,4032,E01001718,Hackney,2,1427980992221776.jpg,2025-08-01T17:48:15Z,supplement
1275795680768389,-0.10084142762788,51.562470862863,1751827522041,2025-07-06T18:45:22Z,2025,140.6961155599,3024,4032,E01001718,Hackney,2,1275795680768389.jpg,2025-08-01T17:48:17Z,supplement
1341688457159426,-0.1017696860333,51.563061128358,1744475455037,2025-04-12T16:30:55Z,2025,125.97627269804,3024,4032,E01001718,Hackney,2,1341688457159426.jpg,2025-08-01T17:48:18Z,supplement
1071009097891574,-0.10158724702965,51.562912743335,1751827512040,2025-07-06T18:45:12Z,2025,142.29665583395,3024,4032,E01001718,Hackney,2,1071009097891574.jpg,2025-08-01T17:48:19Z,supplement
619851160561477,-0.099692582203201,51.561681077376,1751827540118,2025-07-06T18:45:40Z,2025,135.4826470148,3024,4032,E01001718,Hackney,2,619851160561477.jpg,2025-08-01T17:48:21Z,supplement
727729636516812,-0.10217937644575,51.563352586841,1751827489043,2025-07-06T18:44:49Z,2025,138.25205351717,3024,4032,E01001718,Hackney,2,727729636516812.jpg,2025-08-01T17:48:22Z,supplement
1041192981498484,-0.10173752072506,51.563021015009,1751827506040,2025-07-06T18:45:06Z,2025,143.67687827292,3024,4032,E01001718,Hackney,2,1041192981498484.jpg,2025-08-01T17:48:23Z,supplement
514358355081113,-0.10228184748219,51.563444476581,1744475446039,2025-04-12T16:30:46Z,2025,115.46232164178,3024,4032,E01001718,Hackney,2,514358355081113.jpg,2025-08-01T17:48:25Z,supplement
1761137901151871,-0.099980766400126,51.561884267341,1751827535053,2025-07-06T18:45:35Z,2025,139.83551389501,3024,4032,E01001718,Hackney,2,1761137901151871.jpg,2025-08-01T17:48:26Z,supplement
743412018272420,-0.10337575211091,51.564089090004,1751827412038,2025-07-06T18:43:32Z,2025,139.73863925606,3024,4032,E01001718,Hackney,2,743412018272420.jpg,2025-08-01T17:48:28Z,supplement
697116966091862,-0.099385418962104,51.561488128213,1744475526032,2025-04-12T16:32:06Z,2025,140.416061123,3024,4032,E01001718,Hackney,2,697116966091862.jpg,2025-08-01T17:48:29Z,supplement
1300228738341756,-0.10307898889971,51.563912018746,1751827423035,2025-07-06T18:43:43Z,2025,138.76412567995,3024,4032,E01001718,Hackney,2,1300228738341756.jpg,2025-08-01T17:48:30Z,supplement
1395464581504061,-0.09976935432924,51.561728217222,1751827539036,2025-07-06T18:45:39Z,2025,139.00004069363,3024,4032,E01001718,Hackney,2,1395464581504061.jpg,2025-08-01T17:48:31Z,supplement
1283522249784555,-0.099457395869796,51.561530571176,1751827543038,2025-07-06T18:45:43Z,2025,140.75890201218,3024,4032,E01001718,Hackney,2,1283522249784555.jpg,2025-08-01T17:48:32Z,supplement
697545843278447,-0.11267723333333,51.441072633333,1751313253333,2025-06-30T19:54:13Z,2025,287.84436925014,1080,1920,E01003134,Lambeth,2,697545843278447.jpg,2025-08-01T17:48:34Z,supplement
725997996478398,-0.11211556666667,51.440958666667,1751313248666,2025-06-30T19:54:08Z,2025,288.30929548023,1080,1920,E01003134,Lambeth,2,725997996478398.jpg,2025-08-01T17:48:36Z,supplement
1029196655642307,-0.11293766,51.44113444,1751313255400,2025-06-30T19:54:15Z,2025,292.96877693012,1080,1920,E01003134,Lambeth,2,1029196655642307.jpg,2025-08-01T17:48:37Z,supplement
1289740189822217,-0.11147390666667,51.440806793333,1751313243466,2025-06-30T19:54:03Z,2025,296.09735652054,1080,1920,E01003134,Lambeth,2,1289740189822217.jpg,2025-08-01T17:48:38Z,supplement
1244757600000817,-0.11302003333333,51.441156166667,1751313256066,2025-06-30T19:54:16Z,2025,292.64217125559,1080,1920,E01003134,Lambeth,2,1244757600000817.jpg,2025-08-01T17:48:39Z,supplement
4129699913980167,-0.11220168,51.44097656,1751313249400,2025-06-30T19:54:09Z,2025,288.54326912157,1080,1920,E01003134,Lambeth,2,4129699913980167.jpg,2025-08-01T17:48:41Z,supplement
670602192679507,-0.11207219,51.44094972,1751313248300,2025-06-30T19:54:08Z,2025,288.30929548023,1080,1920,E01003134,Lambeth,2,670602192679507.jpg,2025-08-01T17:48:41Z,supplement
764944692628126,-0.11310336666667,51.441177833333,1751313256733,2025-06-30T19:54:16Z,2025,292.64217125559,1080,1920,E01003134,Lambeth,2,764944692628126.jpg,2025-08-01T17:48:42Z,supplement
1638759560154294,-0.1118525,51.4409058,1751313246500,2025-06-30T19:54:06Z,2025,287.3885719687,1080,1920,E01003134,Lambeth,2,1638759560154294.jpg,2025-08-01T17:48:43Z,supplement
624902410001736,-0.11108734,51.44072918,1751313240400,2025-06-30T19:54:00Z,2025,281.60111418072,1080,1920,E01003134,Lambeth,2,624902410001736.jpg,2025-08-01T17:48:44Z,supplement
727088030175712,-0.11263275333333,51.441063683333,1751313252966,2025-06-30T19:54:12Z,2025,288.36485556134,1080,1920,E01003134,Lambeth,2,727088030175712.jpg,2025-08-01T17:48:45Z,supplement
1424239908615716,-0.11176861666667,51.440888166667,1751313245833,2025-06-30T19:54:05Z,2025,292.17790700104,1080,1920,E01003134,Lambeth,2,1424239908615716.jpg,2025-08-01T17:48:46Z,supplement
1369574421001112,-0.11159946,51.440843666667,1751313244466,2025-06-30T19:54:04Z,2025,294.07448232273,1080,1920,E01003134,Lambeth,2,1369574421001112.jpg,2025-08-01T17:48:47Z,supplement
1160189445874624,-0.11168308333333,51.440866433333,1751313245166,2025-06-30T19:54:05Z,2025,292.17790700104,1080,1920,E01003134,Lambeth,2,1160189445874624.jpg,2025-08-01T17:48:49Z,supplement
1068652372081785,-0.11151389666667,51.440819003333,1751313243766,2025-06-30T19:54:03Z,2025,296.09735652054,1080,1920,E01003134,Lambeth,2,1068652372081785.jpg,2025-08-01T17:48:49Z,supplement
729532249489435,-0.11198396333333,51.440931826667,1751313247566,2025-06-30T19:54:07Z,2025,287.8305820326,1080,1920,E01003134,Lambeth,2,729532249489435.jpg,2025-08-01T17:48:51Z,supplement
699078159958572,-0.11193934,51.44092288,1751313247200,2025-06-30T19:54:07Z,2025,287.8305820326,1080,1920,E01003134,Lambeth,2,699078159958572.jpg,2025-08-01T17:48:52Z,supplement
1473494043684317,-0.11258934,51.4410547,1751313252600,2025-06-30T19:54:12Z,2025,288.36485556134,1080,1920,E01003134,Lambeth,2,1473494043684317.jpg,2025-08-01T17:48:53Z,supplement
713828754728025,-0.11289652666667,51.441123573333,1751313255066,2025-06-30T19:54:15Z,2025,292.96877693012,1080,1920,E01003134,Lambeth,2,713828754728025.jpg,2025-08-01T17:48:54Z,supplement
3156497291169173,-0.11117597,51.44074134,1751313241100,2025-06-30T19:54:01Z,2025,287.16900941223,1080,1920,E01003134,Lambeth,2,3156497291169173.jpg,2025-08-01T17:48:55Z,supplement
1460838135061793,-0.04917787,51.44066678,1751312273433,2025-06-30T19:37:53Z,2025,245.3746515677,2160,3840,E01003262,Lewisham,2,1460838135061793.jpg,2025-08-01T17:48:58Z,supplement
1272819737620205,-0.04864968,51.44084635,1751312241700,2025-06-30T19:37:21Z,2025,234.61180193527,2160,3840,E01003262,Lewisham,2,1272819737620205.jpg,2025-08-01T17:48:59Z,supplement
1354359938960297,-0.04876498,51.44080564,1751312243800,2025-06-30T19:37:23Z,2025,252.45133115902,2160,3840,E01003262,Lewisham,2,1354359938960297.jpg,2025-08-01T17:49:00Z,supplement
1279796257171858,-0.04906268,51.440708,1751312271600,2025-06-30T19:37:51Z,2025,240.08039246149,2160,3840,E01003262,Lewisham,2,1279796257171858.jpg,2025-08-01T17:49:02Z,supplement
1356416299822452,-0.04849542,51.440906033333,1751312239866,2025-06-30T19:37:19Z,2025,241.64199409319,2160,3840,E01003262,Lewisham,2,1356416299822452.jpg,2025-08-01T17:49:03Z,supplement
623145740815616,-0.0485353,51.44089192,1751312240300,2025-06-30T19:37:20Z,2025,239.83848032415,2160,3840,E01003262,Lewisham,2,623145740815616.jpg,2025-08-01T17:49:04Z,supplement
2628881877320554,-0.048946023333333,51.44074764,1751312269966,2025-06-30T19:37:49Z,2025,249.16706111017,2160,3840,E01003262,Lewisham,2,2628881877320554.jpg,2025-08-01T17:49:04Z,supplement
1464482291218348,-0.0486857,51.440830906667,1751312242233,2025-06-30T19:37:22Z,2025,236.87888429936,1080,1920,E01003262,Lewisham,2,1464482291218348.jpg,2025-08-01T17:49:05Z,supplement
1891436874731041,-0.048985,51.4407349,1751312270500,2025-06-30T19:37:50Z,2025,241.9285649635,1080,1920,E01003262,Lewisham,2,1891436874731041.jpg,2025-08-01T17:49:07Z,supplement
1223624465629373,-0.04879736,51.4407878,1751312245100,2025-06-30T19:37:25Z,2025,270.00000256919,1080,1920,E01003262,Lewisham,2,1223624465629373.jpg,2025-08-01T17:49:09Z,supplement
2716398505232549,-0.04849542,51.440906033333,1751312239866,2025-06-30T19:37:19Z,2025,241.64199409319,1080,1920,E01003262,Lewisham,2,2716398505232549.jpg,2025-08-01T17:49:11Z,supplement
1296722735503183,-0.04864968,51.44084635,1751312241700,2025-06-30T19:37:21Z,2025,234.61180193527,1080,1920,E01003262,Lewisham,2,1296722735503183.jpg,2025-08-01T17:49:12Z,supplement
4093121814285563,-0.049333583333333,51.440612816667,1751312276166,2025-06-30T19:37:56Z,2025,237.50130153979,1080,1920,E01003262,Lewisham,2,4093121814285563.jpg,2025-08-01T17:49:13Z,supplement
688601010846309,-0.04910055,51.440694133333,1751312272166,2025-06-30T19:37:52Z,2025,238.26723335546,1080,1920,E01003262,Lewisham,2,688601010846309.jpg,2025-08-01T17:49:14Z,supplement
1942263309858144,-0.04876498,51.44080564,1751312243800,2025-06-30T19:37:23Z,2025,252.45133115902,1080,1920,E01003262,Lewisham,2,1942263309858144.jpg,2025-08-01T17:49:15Z,supplement
1318819679798367,-0.0485353,51.44089192,1751312240300,2025-06-30T19:37:20Z,2025,239.83848032415,1080,1920,E01003262,Lewisham,2,1318819679798367.jpg,2025-08-01T17:49:16Z,supplement
1242130717697433,-0.0485743,51.440877793333,1751312240733,2025-06-30T19:37:20Z,2025,239.83848032415,1080,1920,E01003262,Lewisham,2,1242130717697433.jpg,2025-08-01T17:49:17Z,supplement
700353746107320,-0.04886401,51.44076819,1751312268700,2025-06-30T19:37:48Z,2025,243.86643552323,1080,1920,E01003262,Lewisham,2,700353746107320.jpg,2025-08-01T17:49:18Z,supplement
704031558911145,-0.04929415,51.440625,1751312275500,2025-06-30T19:37:55Z,2025,245.97312048726,1080,1920,E01003262,Lewisham,2,704031558911145.jpg,2025-08-01T17:49:19Z,supplement
537880959391604,-0.048946023333333,51.44074764,1751312269966,2025-06-30T19:37:49Z,2025,249.16706111017,1080,1920,E01003262,Lewisham,2,537880959391604.jpg,2025-08-01T17:49:20Z,supplement
662330439216059,-0.1500699,51.420548,1687333869600,2023-06-21T07:51:09Z,2023,90.589,6752,13504,E01004519,Wandsworth,2,662330439216059.jpg,2025-08-01T17:49:25Z,supplement
1688278771668382,-0.1497848,51.4205395,1687333872600,2023-06-21T07:51:12Z,2023,98.76,6752,13504,E01004519,Wandsworth,2,1688278771668382.jpg,2025-08-01T17:49:26Z,supplement
2037345883284334,-0.1540172,51.4213151,1687333829200,2023-06-21T07:50:29Z,2023,116.003,6752,13504,E01004519,Wandsworth,2,2037345883284334.jpg,2025-08-01T17:49:29Z,supplement
1510418179716191,-0.1539838,51.4200228,1687333752400,2023-06-21T07:49:12Z,2023,27.927,6752,13504,E01004519,Wandsworth,2,1510418179716191.jpg,2025-08-01T17:49:31Z,supplement
1517113615710316,-0.1498482,51.4205437,1687333872000,2023-06-21T07:51:12Z,2023,95.865,6752,13504,E01004519,Wandsworth,2,1517113615710316.jpg,2025-08-01T17:49:33Z,supplement
1018233206109724,-0.1554766,51.4216693,1687333810666,2023-06-21T07:50:10Z,2023,49.385,6752,13504,E01004519,Wandsworth,2,1018233206109724.jpg,2025-08-01T17:49:34Z,supplement
1287286271937748,-0.154794,51.4215262,1687333819600,2023-06-21T07:50:19Z,2023,113.913,6752,13504,E01004519,Wandsworth,2,1287286271937748.jpg,2025-08-01T17:49:36Z,supplement
1382604065672801,-0.1545437,51.420504,1687333771750,2023-06-21T07:49:31Z,2023,296.64,6752,13504,E01004519,Wandsworth,2,1382604065672801.jpg,2025-08-01T17:49:38Z,supplement
1783207175461486,-0.1539988,51.4213094,1687333829400,2023-06-21T07:50:29Z,2023,115.869,6752,13504,E01004519,Wandsworth,2,1783207175461486.jpg,2025-08-01T17:49:40Z,supplement
7646508358747848,-0.1589649,51.4198791,1687333664600,2023-06-21T07:47:44Z,2023,107.555,6752,13504,E01004519,Wandsworth,2,7646508358747848.jpg,2025-08-01T17:49:42Z,supplement
836605924913801,-0.152341,51.4208333,1687333846000,2023-06-21T07:50:46Z,2023,113.617,6752,13504,E01004519,Wandsworth,2,836605924913801.jpg,2025-08-01T17:49:43Z,supplement
636911191975841,-0.1540074,51.4199915,1687333751800,2023-06-21T07:49:11Z,2023,27.582,6752,13504,E01004519,Wandsworth,2,636911191975841.jpg,2025-08-01T17:49:45Z,supplement
359449436524470,-0.1589805,51.4198821,1687333664400,2023-06-21T07:47:44Z,2023,107.426,6752,13504,E01004519,Wandsworth,2,359449436524470.jpg,2025-08-01T17:49:47Z,supplement
1045044916845915,-0.1541433,51.4213532,1687333827600,2023-06-21T07:50:27Z,2023,113.724,6752,13504,E01004519,Wandsworth,2,1045044916845915.jpg,2025-08-01T17:49:49Z,supplement
1693836861026407,-0.1520812,51.4207625,1687333849400,2023-06-21T07:50:49Z,2023,113.917,6752,13504,E01004519,Wandsworth,2,1693836861026407.jpg,2025-08-01T17:49:51Z,supplement
351917104027243,-0.1547471,51.4215129,1687333820200,2023-06-21T07:50:20Z,2023,113.981,6752,13504,E01004519,Wandsworth,2,351917104027243.jpg,2025-08-01T17:49:53Z,supplement
363002549410300,-0.1500537,51.4205479,1687333869800,2023-06-21T07:51:09Z,2023,90.684,6752,13504,E01004519,Wandsworth,2,363002549410300.jpg,2025-08-01T17:49:55Z,supplement
714745023838049,-0.1550086,51.4206568,1687333777600,2023-06-21T07:49:37Z,2023,296.971,6752,13504,E01004519,Wandsworth,2,714745023838049.jpg,2025-08-01T17:49:57Z,supplement
2014759778871727,-0.1500375,51.4205476,1687333870000,2023-06-21T07:51:10Z,2023,90.926,6752,13504,E01004519,Wandsworth,2,2014759778871727.jpg,2025-08-01T17:49:58Z,supplement
297742679737312,-0.1494375,51.4204624,1687333876200,2023-06-21T07:51:16Z,2023,121.12,6752,13504,E01004519,Wandsworth,2,297742679737312.jpg,2025-08-01T17:50:01Z,supplement
373652860755717,0.0436936,51.4733445,1618414930000,2021-04-14T15:42:10Z,2021,94.2628592462,3000,4000,E01001646,Greenwich,3,373652860755717.jpg,2025-08-01T17:50:06Z,supplement
574551316845501,0.045625699972222,51.4729808,1618414957000,2021-04-14T15:42:37Z,2021,108.76840317396,3000,4000,E01001646,Greenwich,3,574551316845501.jpg,2025-08-01T17:50:07Z,supplement
2996239390698751,0.045492699972222,51.4730111,1618414956000,2021-04-14T15:42:36Z,2021,110.08993593266,3000,4000,E01001646,Greenwich,3,2996239390698751.jpg,2025-08-01T17:50:08Z,supplement
771280453556594,0.046039499972222,51.472896699972,1618414960000,2021-04-14T15:42:40Z,2021,108.10016926281,3000,4000,E01001646,Greenwich,3,771280453556594.jpg,2025-08-01T17:50:10Z,supplement
1118634558645180,0.0451336,51.473089299972,1618414953000,2021-04-14T15:42:33Z,2021,108.61806406312,3000,4000,E01001646,Greenwich,3,1118634558645180.jpg,2025-08-01T17:50:11Z,supplement
185572090104866,0.0422367,51.473592699972,1618414907000,2021-04-14T15:41:47Z,2021,104.78971628782,3000,4000,E01001646,Greenwich,3,185572090104866.jpg,2025-08-01T17:50:13Z,supplement
515396826301889,0.0474621,51.472628999972,1618415087000,2021-04-14T15:44:47Z,2021,102.43906934425,3000,4000,E01001646,Greenwich,3,515396826301889.jpg,2025-08-01T17:50:15Z,supplement
951281389015594,0.0465567,51.4727861,1618414965000,2021-04-14T15:42:45Z,2021,111.03407959096,3000,4000,E01001646,Greenwich,3,951281389015594.jpg,2025-08-01T17:50:16Z,supplement
219281866707773,0.0482778,51.4724124,1623352301000,2021-06-10T19:11:41Z,2021,288.76161524501,3000,4000,E01001646,Greenwich,3,219281866707773.jpg,2025-08-01T17:50:18Z,supplement
475596590217298,0.042375,51.4735809,1617815391000,2021-04-07T17:09:51Z,2021,104.06164701658,3000,4000,E01001646,Greenwich,3,475596590217298.jpg,2025-08-01T17:50:19Z,supplement
4071886002866084,0.0420851,51.4736168,1618414905000,2021-04-14T15:41:45Z,2021,105.33840931832,3000,4000,E01001646,Greenwich,3,4071886002866084.jpg,2025-08-01T17:50:21Z,supplement
314336293569755,0.051165799972222,51.4717768,1623352278000,2021-06-10T19:11:18Z,2021,289.11591534977,3000,4000,E01001646,Greenwich,3,314336293569755.jpg,2025-08-01T17:50:22Z,supplement
180636257305202,0.0475469,51.4726603,1617815445000,2021-04-07T17:10:45Z,2021,104.24831849095,3000,4000,E01001646,Greenwich,3,180636257305202.jpg,2025-08-01T17:50:23Z,supplement
975527516598030,0.0470223,51.4726877,1623352311000,2021-06-10T19:11:51Z,2021,291.3173570494,3000,4000,E01001646,Greenwich,3,975527516598030.jpg,2025-08-01T17:50:25Z,supplement
948580699248270,0.047361,51.472689699972,1617815436000,2021-04-07T17:10:36Z,2021,108.17449995638,3000,4000,E01001646,Greenwich,3,948580699248270.jpg,2025-08-01T17:50:26Z,supplement
465651591188203,0.0484229,51.4724725,1617815451000,2021-04-07T17:10:51Z,2021,112.14072547656,3000,4000,E01001646,Greenwich,3,465651591188203.jpg,2025-08-01T17:50:28Z,supplement
846949582696400,0.040919999972222,51.4738175,1617815385000,2021-04-07T17:09:45Z,2021,104.01322881137,3000,4000,E01001646,Greenwich,3,846949582696400.jpg,2025-08-01T17:50:29Z,supplement
301663064821795,0.047174399972222,51.472662499972,1618414977000,2021-04-14T15:42:57Z,2021,58.949145824787,3000,4000,E01001646,Greenwich,3,301663064821795.jpg,2025-08-01T17:50:31Z,supplement
419618795660872,0.0463053,51.4728465,1623352316000,2021-06-10T19:11:56Z,2021,287.71053496885,3000,4000,E01001646,Greenwich,3,419618795660872.jpg,2025-08-01T17:50:32Z,supplement
2741851856037376,0.0417186,51.4736801,1616344263000,2021-03-21T16:31:03Z,2021,286.60049557505,3000,4000,E01001646,Greenwich,3,2741851856037376.jpg,2025-08-01T17:50:34Z,supplement
690820877242020,-0.10714721462626,51.53616933402,1746125679762,2025-05-01T18:54:39Z,2025,357.77367454637,2048,4096,E01002794,Islington,3,690820877242020.jpg,2025-08-01T17:50:39Z,supplement
727516133289696,-0.1040079695773,51.537575699127,1746125774490,2025-05-01T18:56:14Z,2025,244.25132896312,2048,4096,E01002794,Islington,3,727516133289696.jpg,2025-08-01T17:50:40Z,supplement
718562767391510,-0.10376929975513,51.537577300075,1746125758507,2025-05-01T18:55:58Z,2025,63.679263097713,2048,4096,E01002794,Islington,3,718562767391510.jpg,2025-08-01T17:50:42Z,supplement
1222798146241501,-0.10716862992063,51.535976223036,1746125676125,2025-05-01T18:54:36Z,2025,5.2650262872285,2048,4096,E01002794,Islington,3,1222798146241501.jpg,2025-08-01T17:50:43Z,supplement
728935622993241,-0.10708579655367,51.536785266648,1746125690840,2025-05-01T18:54:50Z,2025,3.6816827934882,2048,4096,E01002794,Islington,3,728935622993241.jpg,2025-08-01T17:50:44Z,supplement
2133784777049472,-0.1043625,51.5349944,1750089962000,2025-06-16T16:06:02Z,2025,167,2280,4056,E01002794,Islington,3,2133784777049472.jpg,2025-08-01T17:50:46Z,supplement
4282264912000954,-0.1044317,51.5349331,1750089963000,2025-06-16T16:06:03Z,2025,212,2280,4056,E01002794,Islington,3,4282264912000954.jpg,2025-08-01T17:50:47Z,supplement
1236418250802195,-0.1049583,51.5343975,1750089971000,2025-06-16T16:06:11Z,2025,255,2280,4056,E01002794,Islington,3,1236418250802195.jpg,2025-08-01T17:50:49Z,supplement
4006315602941401,-0.1036117,51.5356169,1750089949000,2025-06-16T16:05:49Z,2025,280,2280,4056,E01002794,Islington,3,4006315602941401.jpg,2025-08-01T17:50:50Z,supplement
1795565404639196,-0.1004767,51.5373931,1750089800000,2025-06-16T16:03:20Z,2025,263,2280,4056,E01002794,Islington,3,1795565404639196.jpg,2025-08-01T17:50:51Z,supplement
1293601898955206,-0.1018617,51.5363992,1750089839000,2025-06-16T16:03:59Z,2025,183,2280,4056,E01002794,Islington,3,1293601898955206.jpg,2025-08-01T17:50:52Z,supplement
1990833311724898,-0.1006547,51.5372358,1750089821000,2025-06-16T16:03:41Z,2025,176,2280,4056,E01002794,Islington,3,1990833311724898.jpg,2025-08-01T17:50:53Z,supplement
1021943863357273,-0.1051483,51.5341961,1750089974000,2025-06-16T16:06:14Z,2025,256,2280,4056,E01002794,Islington,3,1021943863357273.jpg,2025-08-01T17:50:55Z,supplement
725634819835332,-0.10099,51.5369947,1750089826000,2025-06-16T16:03:46Z,2025,264,2280,4056,E01002794,Islington,3,725634819835332.jpg,2025-08-01T17:50:56Z,supplement
1365617561397446,-0.1019717,51.5363417,1750089841000,2025-06-16T16:04:01Z,2025,273,2280,4056,E01002794,Islington,3,1365617561397446.jpg,2025-08-01T17:50:57Z,supplement
493076287194872,-0.1054603,51.5338494,1750089980000,2025-06-16T16:06:20Z,2025,161,2280,4056,E01002794,Islington,3,493076287194872.jpg,2025-08-01T17:50:59Z,supplement
1179688597243697,-0.1002258,51.5375828,1750089796000,2025-06-16T16:03:16Z,2025,170,2280,4056,E01002794,Islington,3,1179688597243697.jpg,2025-08-01T17:51:01Z,supplement
1887135998811283,-0.1034292,51.535675,1750089877000,2025-06-16T16:04:37Z,2025,229,2280,4056,E01002794,Islington,3,1887135998811283.jpg,2025-08-01T17:51:02Z,supplement
650928021303578,-0.1033053,51.5357392,1750089875000,2025-06-16T16:04:35Z,2025,188,2280,4056,E01002794,Islington,3,650928021303578.jpg,2025-08-01T17:51:04Z,supplement
1131799468964961,-0.1017358,51.5364717,1750089837000,2025-06-16T16:03:57Z,2025,224,2280,4056,E01002794,Islington,3,1131799468964961.jpg,2025-08-01T17:51:05Z,supplement
164951955566133,-0.10711799997222,51.4734829,1564688238000,2019-08-01T19:37:18Z,2019,211.02218898245,3000,4000,E01003182,Lambeth,3,164951955566133.jpg,2025-08-01T17:51:07Z,supplement
592122098435472,-0.10737079997222,51.4731576,1564688248000,2019-08-01T19:37:28Z,2019,187.81669557016,3000,4000,E01003182,Lambeth,3,592122098435472.jpg,2025-08-01T17:51:09Z,supplement
846972842557094,-0.10737749997222,51.4731272,1564688253000,2019-08-01T19:37:33Z,2019,215.19331965557,3000,4000,E01003182,Lambeth,3,846972842557094.jpg,2025-08-01T17:51:10Z,supplement
1142017856311253,-0.10741219997222,51.472834400000004,1564563845000,2019-07-31T09:04:05Z,2019,349.32478957509,3000,4000,E01003182,Lambeth,3,1142017856311253.jpg,2025-08-01T17:51:12Z,supplement
1225886277869699,-0.1074076,51.4724507,1564563825000,2019-07-31T09:03:45Z,2019,0.5207739334974,3000,4000,E01003182,Lambeth,3,1225886277869699.jpg,2025-08-01T17:51:13Z,supplement
470179810930801,-0.1074023,51.472813899972,1564563835000,2019-07-31T09:03:55Z,2019,343.25834939874,3000,4000,E01003182,Lambeth,3,470179810930801.jpg,2025-08-01T17:51:15Z,supplement
917658569010994,-0.1,51.473888888889,1527074716855,2018-05-23T11:25:16Z,2018,-1,3024,4032,E01003182,Lambeth,3,917658569010994.jpg,2025-08-01T17:51:16Z,supplement
528444638312397,-0.1,51.473611111111,1527074736550,2018-05-23T11:25:36Z,2018,-1,3024,4032,E01003182,Lambeth,3,528444638312397.jpg,2025-08-01T17:51:18Z,supplement
208599904176960,-0.099418000000014,51.472969,1492792539106,2017-04-21T16:35:39Z,2017,153.132,3024,4032,E01003182,Lambeth,3,208599904176960.jpg,2025-08-01T17:51:19Z,supplement
247414750502753,-0.10726533259776,51.470976058977,1504273804284,2017-09-01T13:50:04Z,2017,168.40557861328,480,800,E01003182,Lambeth,3,247414750502753.jpg,2025-08-01T17:51:21Z,supplement
505850260777479,-0.10759126001938,51.473036060019,1504273768291,2017-09-01T13:49:28Z,2017,148.01473999023,480,800,E01003182,Lambeth,3,505850260777479.jpg,2025-08-01T17:51:22Z,supplement
747293542584326,-0.10730378343499,51.471145985772,1504273801273,2017-09-01T13:50:01Z,2017,173.0625,480,800,E01003182,Lambeth,3,747293542584326.jpg,2025-08-01T17:51:23Z,supplement
830756470981966,-0.10722923481148,51.470829541685,1504273807310,2017-09-01T13:50:07Z,2017,174.51696777344,480,800,E01003182,Lambeth,3,830756470981966.jpg,2025-08-01T17:51:24Z,supplement
601673271234782,-0.10691939871413,51.47029856182,1504273819501,2017-09-01T13:50:19Z,2017,147.50250244141,480,800,E01003182,Lambeth,3,601673271234782.jpg,2025-08-01T17:51:25Z,supplement
495670411579198,-0.1069116,51.4737312,1475417839796,2016-10-02T14:17:19Z,2016,34.016848385334,2448,3264,E01003182,Lambeth,3,495670411579198.jpg,2025-08-01T17:51:27Z,supplement
950970115715065,-0.1073684,51.4733323,1475417913686,2016-10-02T14:18:33Z,2016,204.09806400537,2448,3264,E01003182,Lambeth,3,950970115715065.jpg,2025-08-01T17:51:28Z,supplement
140943581339031,-0.1072253,51.473494,1475417882717,2016-10-02T14:18:02Z,2016,177.66885924339,2448,3264,E01003182,Lambeth,3,140943581339031.jpg,2025-08-01T17:51:30Z,supplement
548083589510255,-0.1066266,51.4739315,1475417811850,2016-10-02T14:16:51Z,2016,243.40501368046,2448,3264,E01003182,Lambeth,3,548083589510255.jpg,2025-08-01T17:51:31Z,supplement
2564560640514994,-0.1072767,51.4734346,1475417904548,2016-10-02T14:18:24Z,2016,158.34649860859,2448,3264,E01003182,Lambeth,3,2564560640514994.jpg,2025-08-01T17:51:33Z,supplement
296343678657066,-0.1068973,51.4737345,1475417837095,2016-10-02T14:17:17Z,2016,341.05375403166,2448,3264,E01003182,Lambeth,3,296343678657066.jpg,2025-08-01T17:51:34Z,supplement
2219486475168639,-0.036805725688757,51.534742063366,1751199021857,2025-06-29T12:10:21Z,2025,225.06225758015,2048,4096,E01004234,Tower Hamlets,3,2219486475168639.jpg,2025-08-01T17:51:40Z,supplement
1731526074121193,-0.032984675,51.536576676563,1751199193529,2025-06-29T12:13:13Z,2025,210.3458073133,2048,4096,E01004234,Tower Hamlets,3,1731526074121193.jpg,2025-08-01T17:51:41Z,supplement
630470842722366,-0.03966455897245,51.533424990171,1751199094096,2025-06-29T12:11:34Z,2025,255.00114060493,2048,4096,E01004234,Tower Hamlets,3,630470842722366.jpg,2025-08-01T17:51:43Z,supplement
906685131641388,-0.037998299278268,51.534232872093,1751199056141,2025-06-29T12:10:56Z,2025,192.10643762738,2048,4096,E01004234,Tower Hamlets,3,906685131641388.jpg,2025-08-01T17:51:44Z,supplement
1886972098812640,-0.035734298347758,51.534564462707,1751198738616,2025-06-29T12:05:38Z,2025,78.637685901637,2048,4096,E01004234,Tower Hamlets,3,1886972098812640.jpg,2025-08-01T17:51:46Z,supplement
1479545279716994,-0.042150256254917,51.532324000551,1751199151278,2025-06-29T12:12:31Z,2025,256.69939137314,2048,4096,E01004234,Tower Hamlets,3,1479545279716994.jpg,2025-08-01T17:51:47Z,supplement
1464343891412271,-0.040090891660462,51.531995934922,1751199142728,2025-06-29T12:12:22Z,2025,72.975742140479,2048,4096,E01004234,Tower Hamlets,3,1464343891412271.jpg,2025-08-01T17:51:48Z,supplement
1087507139963816,-0.038556757120378,51.53396980118,1751199065192,2025-06-29T12:11:05Z,2025,212.59199099943,2048,4096,E01004234,Tower Hamlets,3,1087507139963816.jpg,2025-08-01T17:51:49Z,supplement
1508272613493383,-0.043378128816083,51.531696341996,1751199180057,2025-06-29T12:13:00Z,2025,245.93783019193,2048,4096,E01004234,Tower Hamlets,3,1508272613493383.jpg,2025-08-01T17:51:50Z,supplement
906220798338317,-0.041244643351692,51.532722055547,1751199136263,2025-06-29T12:12:16Z,2025,232.5660768665,2048,4096,E01004234,Tower Hamlets,3,906220798338317.jpg,2025-08-01T17:51:52Z,supplement
722343667172020,-0.036597770535714,51.534839779762,1751199018395,2025-06-29T12:10:18Z,2025,234.45432704514,2048,4096,E01004234,Tower Hamlets,3,722343667172020.jpg,2025-08-01T17:51:53Z,supplement
1233329165187728,-0.041015621794872,51.532872358894,1751199130174,2025-06-29T12:12:10Z,2025,205.35883224714,2048,4096,E01004234,Tower Hamlets,3,1233329165187728.jpg,2025-08-01T17:51:54Z,supplement
519563621169519,-0.042438218882769,51.531494101338,1751199102813,2025-06-29T12:11:42Z,2025,42.214513975681,2048,4096,E01004234,Tower Hamlets,3,519563621169519.jpg,2025-08-01T17:51:55Z,supplement
1290910982371270,-0.042276253030303,51.530970238182,1751199091719,2025-06-29T12:11:31Z,2025,319.17246104992,2048,4096,E01004234,Tower Hamlets,3,1290910982371270.jpg,2025-08-01T17:51:56Z,supplement
757377950293734,-0.042185159672619,51.532307328423,1751199151904,2025-06-29T12:12:31Z,2025,234.22288122217,2048,4096,E01004234,Tower Hamlets,3,757377950293734.jpg,2025-08-01T17:51:58Z,supplement
1959956398106783,-0.034438612578616,51.534888522327,1751198751796,2025-06-29T12:05:51Z,2025,59.570055997813,2048,4096,E01004234,Tower Hamlets,3,1959956398106783.jpg,2025-08-01T17:51:59Z,supplement
720257624055461,-0.042437911607143,51.531133895089,1751199095681,2025-06-29T12:11:35Z,2025,334.42747744841,2048,4096,E01004234,Tower Hamlets,3,720257624055461.jpg,2025-08-01T17:52:00Z,supplement
718801304193533,-0.038890656106322,51.533831955603,1751199070656,2025-06-29T12:11:10Z,2025,220.82575988063,2048,4096,E01004234,Tower Hamlets,3,718801304193533.jpg,2025-08-01T17:52:02Z,supplement
1101833778528619,-0.047472956535948,51.53355354634,1751200419377,2025-06-29T12:33:39Z,2025,296.80458824342,1440,1920,E01004234,Tower Hamlets,3,1101833778528619.jpg,2025-08-01T17:52:03Z,supplement
4251093085177221,-0.043888039333201,51.531779653403,1751200325950,2025-06-29T12:32:05Z,2025,304.09194764578,1440,1920,E01004234,Tower Hamlets,3,4251093085177221.jpg,2025-08-01T17:52:04Z,supplement
3869504670028747,0.0488486,51.4795857,1746265543000,2025-05-03T09:45:43Z,2025,166.256,2160,4000,E01001701,Greenwich,4,3869504670028747.jpg,2025-08-01T17:52:08Z,supplement
639922730300755,0.056838888861111,51.475747222222,1624204450000,2021-06-20T15:54:10Z,2021,193.29252880327,2880,5760,E01001701,Greenwich,4,639922730300755.jpg,2025-08-01T17:52:09Z,supplement
412846253180869,0.059863888861111,51.479502777778,1624204414000,2021-06-20T15:53:34Z,2021,207.22505086486,2880,5760,E01001701,Greenwich,4,412846253180869.jpg,2025-08-01T17:52:10Z,supplement
114775710743485,0.061172222222222,51.481263888889,1624204396000,2021-06-20T15:53:16Z,2021,204.71707072371,2880,5760,E01001701,Greenwich,4,114775710743485.jpg,2025-08-01T17:52:11Z,supplement
861030044529155,0.056644444444444,51.4752,1624204455000,2021-06-20T15:54:15Z,2021,193.74969530615,2880,5760,E01001701,Greenwich,4,861030044529155.jpg,2025-08-01T17:52:12Z,supplement
832168100743664,0.062036111083333,51.482419444444,1624204381000,2021-06-20T15:53:01Z,2021,205.03568710557,2880,5760,E01001701,Greenwich,4,832168100743664.jpg,2025-08-01T17:52:13Z,supplement
938805883574798,0.056583333305556,51.475041666667,1624204456000,2021-06-20T15:54:16Z,2021,196.69365465878,2880,5760,E01001701,Greenwich,4,938805883574798.jpg,2025-08-01T17:52:14Z,supplement
394840241939490,0.055569444444444,51.473272222194,1624204472000,2021-06-20T15:54:32Z,2021,193.55614771719,2880,5760,E01001701,Greenwich,4,394840241939490.jpg,2025-08-01T17:52:15Z,supplement
897834017476737,0.057324999972222,51.476669444444,1624204442000,2021-06-20T15:54:02Z,2021,199.08657805043,2880,5760,E01001701,Greenwich,4,897834017476737.jpg,2025-08-01T17:52:16Z,supplement
1240926986347340,0.055138888861111,51.471508333306,1624204491500,2021-06-20T15:54:51Z,2021,186.2729923925,2880,5760,E01001701,Greenwich,4,1240926986347340.jpg,2025-08-01T17:52:17Z,supplement
1180234519104635,0.057022222194444,51.476136111083,1624204447000,2021-06-20T15:54:07Z,2021,200.25867376107,2880,5760,E01001701,Greenwich,4,1180234519104635.jpg,2025-08-01T17:52:18Z,supplement
318187726454979,0.050148999972222,51.472002899972,1623352284000,2021-06-10T19:11:24Z,2021,289.99537001811,3000,4000,E01001701,Greenwich,4,318187726454979.jpg,2025-08-01T17:52:19Z,supplement
2867016986961366,0.052281199972222,51.4715629,1616344208000,2021-03-21T16:30:08Z,2021,285.89248784257,3000,4000,E01001701,Greenwich,4,2867016986961366.jpg,2025-08-01T17:52:21Z,supplement
930221957541934,0.060387399972222,51.480332099972,1618415210000,2021-04-14T15:46:50Z,2021,26.852827286061,3000,4000,E01001701,Greenwich,4,930221957541934.jpg,2025-08-01T17:52:22Z,supplement
320380692935895,0.058550499972222,51.478256299972,1618415191000,2021-04-14T15:46:31Z,2021,34.564402056987,3000,4000,E01001701,Greenwich,4,320380692935895.jpg,2025-08-01T17:52:23Z,supplement
1632059000517903,0.053775500056076,51.47135770317,1617815478000,2021-04-07T17:11:18Z,2021,107.07819799723,3000,4000,E01001701,Greenwich,4,1632059000517903.jpg,2025-08-01T17:52:26Z,supplement
166398765417310,0.0527965,51.471544299972,1617815472000,2021-04-07T17:11:12Z,2021,110.52612175476,3000,4000,E01001701,Greenwich,4,166398765417310.jpg,2025-08-01T17:52:27Z,supplement
622458385822433,0.053156899972222,51.4714577,1618415122000,2021-04-14T15:45:22Z,2021,105.65665785616,3000,4000,E01001701,Greenwich,4,622458385822433.jpg,2025-08-01T17:52:28Z,supplement
174222771295434,0.054286495267974,51.471273987376,1617815484000,2021-04-07T17:11:24Z,2021,104.78256868146,3000,4000,E01001701,Greenwich,4,174222771295434.jpg,2025-08-01T17:52:30Z,supplement
482447286510080,0.053999736493012,51.471319202539,1617815480000,2021-04-07T17:11:20Z,2021,104.26435049336,3000,4000,E01001701,Greenwich,4,482447286510080.jpg,2025-08-01T17:52:31Z,supplement
2555626421457780,-0.11550935323903,51.527986579627,1750791189151,2025-06-24T18:53:09Z,2025,155.84862867568,2048,4096,E01002729,Islington,4,2555626421457780.jpg,2025-08-01T17:52:35Z,supplement
1266716391727467,-0.11564877232323,51.528663814949,1745952908665,2025-04-29T18:55:08Z,2025,176.27347209615,2048,4096,E01002729,Islington,4,1266716391727467.jpg,2025-08-01T17:52:36Z,supplement
1013962330947544,-0.10774333240255,51.526642118791,1750791355359,2025-06-24T18:55:55Z,2025,4.9862109119324,2048,4096,E01002729,Islington,4,1013962330947544.jpg,2025-08-01T17:52:37Z,supplement
734735425592375,-0.11100224990924,51.527451853525,1750791271025,2025-06-24T18:54:31Z,2025,16.253167565539002,2048,4096,E01002729,Islington,4,734735425592375.jpg,2025-08-01T17:52:38Z,supplement
761351379907845,-0.11484418310161,51.527063653855,1750791203749,2025-06-24T18:53:23Z,2025,155.84862867568,2048,4096,E01002729,Islington,4,761351379907845.jpg,2025-08-01T17:52:40Z,supplement
670162725894659,-0.11529405738562,51.527670123007,1745952909866,2025-04-29T18:55:09Z,2025,141.81583404155,2048,4096,E01002729,Islington,4,670162725894659.jpg,2025-08-01T17:52:41Z,supplement
695524603285909,-0.11520527546193,51.527564670703,1750791195825,2025-06-24T18:53:15Z,2025,155.84862867568,2048,4096,E01002729,Islington,4,695524603285909.jpg,2025-08-01T17:52:42Z,supplement
739432811867463,-0.11516726573979,51.527511932087,1750791196659,2025-06-24T18:53:16Z,2025,155.84862867568,2048,4096,E01002729,Islington,4,739432811867463.jpg,2025-08-01T17:52:43Z,supplement
1044919887749372,-0.11535731435048,51.527775625165,1750791192488,2025-06-24T18:53:12Z,2025,155.84862867568,2048,4096,E01002729,Islington,4,1044919887749372.jpg,2025-08-01T17:52:44Z,supplement
705915812058178,-0.11085331664662,51.527391381328,1750791273194,2025-06-24T18:54:33Z,2025,159.2908054178,2048,4096,E01002729,Islington,4,705915812058178.jpg,2025-08-01T17:52:44Z,supplement
738394575213723,-0.11465413449092,51.526799960777,1750791207920,2025-06-24T18:53:27Z,2025,155.84862867568,2048,4096,E01002729,Islington,4,738394575213723.jpg,2025-08-01T17:52:45Z,supplement
1001344792078824,-0.11135083512294,51.526707967195,1750791265019,2025-06-24T18:54:25Z,2025,16.253167565539002,2048,4096,E01002729,Islington,4,1001344792078824.jpg,2025-08-01T17:52:46Z,supplement
1109539654331603,-0.11558537268331,51.528092056858,1750791187483,2025-06-24T18:53:07Z,2025,155.84862867568,2048,4096,E01002729,Islington,4,1109539654331603.jpg,2025-08-01T17:52:48Z,supplement
1046052030329495,-0.11463533795891,51.527240214146,1745952910533,2025-04-29T18:55:10Z,2025,133.84541820708,2048,4096,E01002729,Islington,4,1046052030329495.jpg,2025-08-01T17:52:49Z,supplement
1284065256721205,-0.11512925601765,51.527459193472,1750791197493,2025-06-24T18:53:17Z,2025,155.84862867568,2048,4096,E01002729,Islington,4,1284065256721205.jpg,2025-08-01T17:52:50Z,supplement
1401181284257601,-0.11490850606061,51.527412394949,1745952910266,2025-04-29T18:55:10Z,2025,134.62432442549,2048,4096,E01002729,Islington,4,1401181284257601.jpg,2025-08-01T17:52:51Z,supplement
1821484511916281,-0.11492020254589,51.527169131086,1750791202081,2025-06-24T18:53:22Z,2025,155.84862867568,2048,4096,E01002729,Islington,4,1821484511916281.jpg,2025-08-01T17:52:53Z,supplement
689353037218493,-0.11473709797386,51.527304002549,1745952910433,2025-04-29T18:55:10Z,2025,136.09119062201,2048,4096,E01002729,Islington,4,689353037218493.jpg,2025-08-01T17:52:54Z,supplement
1065814361630299,-0.11490119768482,51.527142761778,1750791202498,2025-06-24T18:53:22Z,2025,155.84862867568,2048,4096,E01002729,Islington,4,1065814361630299.jpg,2025-08-01T17:52:55Z,supplement
671502622310674,-0.11439724676471,51.527090670588,1745952910767,2025-04-29T18:55:10Z,2025,136.37820029772,2048,4096,E01002729,Islington,4,671502622310674.jpg,2025-08-01T17:52:55Z,supplement
463323271417261,-0.22288818,51.52168487,1435686167948,2015-06-30T17:42:47Z,2015,61.290890097618004,2988,3984,E01002906,Kensington and Chelsea,4,463323271417261.jpg,2025-08-01T17:52:57Z,supplement
836552530314498,-0.21656823,51.52394089,1435686492355,2015-06-30T17:48:12Z,2015,90.989121317863,2988,3984,E01002906,Kensington and Chelsea,4,836552530314498.jpg,2025-08-01T17:52:59Z,supplement
316057986538904,-0.22127307,51.52283904,1435686265342,2015-06-30T17:44:25Z,2015,26.578452825546,2988,3984,E01002906,Kensington and Chelsea,4,316057986538904.jpg,2025-08-01T17:53:00Z,supplement
299350201710405,-0.21881097,51.52341005,1435686397373,2015-06-30T17:46:37Z,2015,73.273945093155,2988,3984,E01002906,Kensington and Chelsea,4,299350201710405.jpg,2025-08-01T17:53:01Z,supplement
210406620589748,-0.22102138,51.52297325,1435686282100,2015-06-30T17:44:42Z,2015,60.835970342159,2988,3984,E01002906,Kensington and Chelsea,4,210406620589748.jpg,2025-08-01T17:53:02Z,supplement
301156568228053,-0.22177573,51.52244366,1435686232057,2015-06-30T17:43:52Z,2015,35.050283789635,2988,3984,E01002906,Kensington and Chelsea,4,301156568228053.jpg,2025-08-01T17:53:04Z,supplement
483368746049578,-0.21898598,51.52342254,1435686389140,2015-06-30T17:46:29Z,2015,25.911971926689,2988,3984,E01002906,Kensington and Chelsea,4,483368746049578.jpg,2025-08-01T17:53:05Z,supplement
3386838021416107,-0.2164664,51.52396373,1435686496441,2015-06-30T17:48:16Z,2015,82.929338514805,2988,3984,E01002906,Kensington and Chelsea,4,3386838021416107.jpg,2025-08-01T17:53:06Z,supplement
962927967794959,-0.21937058,51.52330709,1435686366359,2015-06-30T17:46:06Z,2015,78.195997238159,2988,3984,E01002906,Kensington and Chelsea,4,962927967794959.jpg,2025-08-01T17:53:07Z,supplement
389672442448800,-0.22055594,51.52306937,1435686304764,2015-06-30T17:45:04Z,2015,79.557521879673,2988,3984,E01002906,Kensington and Chelsea,4,389672442448800.jpg,2025-08-01T17:53:09Z,supplement
2959605111032546,-0.21849602,51.52350194,1435686407632,2015-06-30T17:46:47Z,2015,83.715371549129,2988,3984,E01002906,Kensington and Chelsea,4,2959605111032546.jpg,2025-08-01T17:53:11Z,supplement
733445207323713,-0.22243322,51.52199872,1435686194796,2015-06-30T17:43:14Z,2015,47.527245938778,2988,3984,E01002906,Kensington and Chelsea,4,733445207323713.jpg,2025-08-01T17:53:11Z,supplement
306756650833112,-0.22111268,51.52291543,1435686275630,2015-06-30T17:44:35Z,2015,14.036167681217,2988,3984,E01002906,Kensington and Chelsea,4,306756650833112.jpg,2025-08-01T17:53:12Z,supplement
832040627670386,-0.21977337,51.52321649,1435686343873,2015-06-30T17:45:43Z,2015,79.18136626482,2988,3984,E01002906,Kensington and Chelsea,4,832040627670386.jpg,2025-08-01T17:53:13Z,supplement
495502314917275,-0.21967703,51.52325795,1435686352057,2015-06-30T17:45:52Z,2015,18.584568977356,2988,3984,E01002906,Kensington and Chelsea,4,495502314917275.jpg,2025-08-01T17:53:15Z,supplement
4052535974804434,-0.22299166,51.52162059,1435686161753,2015-06-30T17:42:41Z,2015,80.869293928146,2988,3984,E01002906,Kensington and Chelsea,4,4052535974804434.jpg,2025-08-01T17:53:16Z,supplement
1099798733838436,-0.2227781,51.5217619,1435686174115,2015-06-30T17:42:54Z,2015,57.788934111595,2988,3984,E01002906,Kensington and Chelsea,4,1099798733838436.jpg,2025-08-01T17:53:17Z,supplement
467763254458675,-0.2199062,51.52319172,1435686337728,2015-06-30T17:45:37Z,2015,40.307270050049,2988,3984,E01002906,Kensington and Chelsea,4,467763254458675.jpg,2025-08-01T17:53:19Z,supplement
486993812507873,-0.21641303,51.52398144,1435686498520,2015-06-30T17:48:18Z,2015,78.115152716637,2988,3984,E01002906,Kensington and Chelsea,4,486993812507873.jpg,2025-08-01T17:53:20Z,supplement
144446444315992,-0.21797303,51.5236089,1435686428313,2015-06-30T17:47:08Z,2015,77.641927659512,2988,3984,E01002906,Kensington and Chelsea,4,144446444315992.jpg,2025-08-01T17:53:21Z,supplement
1363578181363137,-0.2157082,51.529611,1748696946100,2025-05-31T13:09:06Z,2025,0,3060,4080,E01004720,Westminster,4,1363578181363137.jpg,2025-08-01T17:53:23Z,supplement
1726766524672890,-0.2158958,51.5280668,1748697207100,2025-05-31T13:13:27Z,2025,0,3060,4080,E01004720,Westminster,4,1726766524672890.jpg,2025-08-01T17:53:24Z,supplement
1441134134007008,-0.2158184,51.5294855,1748696950100,2025-05-31T13:09:10Z,2025,0,3060,4080,E01004720,Westminster,4,1441134134007008.jpg,2025-08-01T17:53:25Z,supplement
1246610103688304,-0.2158772,51.5279761,1748697209100,2025-05-31T13:13:29Z,2025,0,3060,4080,E01004720,Westminster,4,1246610103688304.jpg,2025-08-01T17:53:27Z,supplement
1054247182703949,-0.2158067,51.5275472,1748697216100,2025-05-31T13:13:36Z,2025,0,3060,4080,E01004720,Westminster,4,1054247182703949.jpg,2025-08-01T17:53:28Z,supplement
619287674609361,-0.2159111,51.5281108,1748697206100,2025-05-31T13:13:26Z,2025,0,3060,4080,E01004720,Westminster,4,619287674609361.jpg,2025-08-01T17:53:29Z,supplement
2007609509773313,-0.2159837,51.5283658,1748697121100,2025-05-31T13:12:01Z,2025,0,3060,4080,E01004720,Westminster,4,2007609509773313.jpg,2025-08-01T17:53:30Z,supplement
1586677685360447,-0.2159798,51.5284279,1748697119100,2025-05-31T13:11:59Z,2025,0,3060,4080,E01004720,Westminster,4,1586677685360447.jpg,2025-08-01T17:53:31Z,supplement
707221148366118,-0.21597740000000001,51.5283938,1748697120100,2025-05-31T13:12:00Z,2025,0,3060,4080,E01004720,Westminster,4,707221148366118.jpg,2025-08-01T17:53:32Z,supplement
536426469408595,-0.2159807,51.5285151,1748697117100,2025-05-31T13:11:57Z,2025,0,3060,4080,E01004720,Westminster,4,536426469408595.jpg,2025-08-01T17:53:33Z,supplement
557885757178310,-0.2159265,51.529243,1748697020100,2025-05-31T13:10:20Z,2025,0,3060,4080,E01004720,Westminster,4,557885757178310.jpg,2025-08-01T17:53:34Z,supplement
1224978645720330,-0.2159318,51.529923,1748696852100,2025-05-31T13:07:32Z,2025,0,3060,4080,E01004720,Westminster,4,1224978645720330.jpg,2025-08-01T17:53:35Z,supplement
1772715806962599,-0.2157214,51.5296393,1748696945100,2025-05-31T13:09:05Z,2025,0,3060,4080,E01004720,Westminster,4,1772715806962599.jpg,2025-08-01T17:53:36Z,supplement
4965564517001376,-0.2156509,51.5270529,1748697223100,2025-05-31T13:13:43Z,2025,0,3060,4080,E01004720,Westminster,4,4965564517001376.jpg,2025-08-01T17:53:38Z,supplement
1251010736552317,-0.2158948,51.5293434,1748697015100,2025-05-31T13:10:15Z,2025,0,3060,4080,E01004720,Westminster,4,1251010736552317.jpg,2025-08-01T17:53:39Z,supplement
714981601047474,-0.2158659,51.5279253,1748697210100,2025-05-31T13:13:30Z,2025,0,3060,4080,E01004720,Westminster,4,714981601047474.jpg,2025-08-01T17:53:40Z,supplement
1241009887396788,-0.2159492,51.5282729,1748697125100,2025-05-31T13:12:05Z,2025,0,3060,4080,E01004720,Westminster,4,1241009887396788.jpg,2025-08-01T17:53:42Z,supplement
596634446251746,-0.2154874,51.5268079,1748697227100,2025-05-31T13:13:47Z,2025,0,3060,4080,E01004720,Westminster,4,596634446251746.jpg,2025-08-01T17:53:44Z,supplement
977779744253297,-0.2157079,51.5272034,1748697221100,2025-05-31T13:13:41Z,2025,0,3060,4080,E01004720,Westminster,4,977779744253297.jpg,2025-08-01T17:53:45Z,supplement
4105566753100218,-0.2158393,51.5294593,1748696951100,2025-05-31T13:09:11Z,2025,0,3060,4080,E01004720,Westminster,4,4105566753100218.jpg,2025-08-01T17:53:46Z,supplement
723239406742994,-0.2189083,51.5094497,1750091739000,2025-06-16T16:35:39Z,2025,212,2280,4056,E01001944,Hammersmith and Fulham,5,723239406742994.jpg,2025-08-01T17:53:56Z,supplement
1374872887110247,-0.2188964,51.5083128,1747307172000,2025-05-15T11:06:12Z,2025,302,2280,4056,E01001944,Hammersmith and Fulham,5,1374872887110247.jpg,2025-08-01T17:53:57Z,supplement
2063718750803957,-0.2178683,51.5065939,1747329746000,2025-05-15T17:22:26Z,2025,115,2280,4056,E01001944,Hammersmith and Fulham,5,2063718750803957.jpg,2025-08-01T17:53:58Z,supplement
694173500150205,-0.21902750000000001,51.5097594,1750091720000,2025-06-16T16:35:20Z,2025,167,2280,4056,E01001944,Hammersmith and Fulham,5,694173500150205.jpg,2025-08-01T17:54:00Z,supplement
4145410869038477,-0.2186742,51.5089561,1750094017000,2025-06-16T17:13:37Z,2025,167,2280,4056,E01001944,Hammersmith and Fulham,5,4145410869038477.jpg,2025-08-01T17:54:01Z,supplement
565044956673581,-0.2187303,51.5091244,1750094015000,2025-06-16T17:13:35Z,2025,159,2280,4056,E01001944,Hammersmith and Fulham,5,565044956673581.jpg,2025-08-01T17:54:02Z,supplement
1764895794383731,-0.2179486,51.5067211,1747329745000,2025-05-15T17:22:25Z,2025,161,2280,4056,E01001944,Hammersmith and Fulham,5,1764895794383731.jpg,2025-08-01T17:54:02Z,supplement
904207628484972,-0.2179667,51.5064342,1747307157000,2025-05-15T11:05:57Z,2025,292,2280,4056,E01001944,Hammersmith and Fulham,5,904207628484972.jpg,2025-08-01T17:54:04Z,supplement
552418257808174,-0.2180667,51.5071753,1750094033000,2025-06-16T17:13:53Z,2025,120,2280,4056,E01001944,Hammersmith and Fulham,5,552418257808174.jpg,2025-08-01T17:54:05Z,supplement
707056032039380,-0.2188919,51.5094019,1750091741000,2025-06-16T16:35:41Z,2025,124,2280,4056,E01001944,Hammersmith and Fulham,5,707056032039380.jpg,2025-08-01T17:54:06Z,supplement
1021391530064910,-0.2189561,51.5092894,1750091744000,2025-06-16T16:35:44Z,2025,201,2280,4056,E01001944,Hammersmith and Fulham,5,1021391530064910.jpg,2025-08-01T17:54:07Z,supplement
1774090083202503,-0.2188942,51.5094011,1750091741000,2025-06-16T16:35:41Z,2025,169,2280,4056,E01001944,Hammersmith and Fulham,5,1774090083202503.jpg,2025-08-01T17:54:08Z,supplement
1419139146170177,-0.2178847,51.5063136,1747307156000,2025-05-15T11:05:56Z,2025,337,2280,4056,E01001944,Hammersmith and Fulham,5,1419139146170177.jpg,2025-08-01T17:54:09Z,supplement
1373924917055540,-0.2189183,51.5094747,1750091738000,2025-06-16T16:35:38Z,2025,212,2280,4056,E01001944,Hammersmith and Fulham,5,1373924917055540.jpg,2025-08-01T17:54:11Z,supplement
1187777539698018,-0.2181317,51.5066792,1747307159000,2025-05-15T11:05:59Z,2025,292,2280,4056,E01001944,Hammersmith and Fulham,5,1187777539698018.jpg,2025-08-01T17:54:12Z,supplement
585485641241255,-0.2178731,51.5065928,1747329746000,2025-05-15T17:22:26Z,2025,205,2280,4056,E01001944,Hammersmith and Fulham,5,585485641241255.jpg,2025-08-01T17:54:13Z,supplement
2095337784212510,-0.2190522,51.5087836,1747307176000,2025-05-15T11:06:16Z,2025,347,2280,4056,E01001944,Hammersmith and Fulham,5,2095337784212510.jpg,2025-08-01T17:54:14Z,supplement
695212426713444,-0.2179706,51.5069544,1750094035000,2025-06-16T17:13:55Z,2025,164,2280,4056,E01001944,Hammersmith and Fulham,5,695212426713444.jpg,2025-08-01T17:54:16Z,supplement
586280340861991,-0.2191686,51.5102353,1750091713000,2025-06-16T16:35:13Z,2025,123,2280,4056,E01001944,Hammersmith and Fulham,5,586280340861991.jpg,2025-08-01T17:54:17Z,supplement
3212252318915677,-0.2184572,51.5078361,1747329737000,2025-05-15T17:22:17Z,2025,166,2280,4056,E01001944,Hammersmith and Fulham,5,3212252318915677.jpg,2025-08-01T17:54:18Z,supplement
2099017140511167,-0.11333431572035,51.558539225581,1745407108514,2025-04-23T11:18:28Z,2025,142.37042545171,2048,4096,E01002732,Islington,5,2099017140511167.jpg,2025-08-01T17:54:22Z,supplement
3620891388213788,-0.11285806334661,51.557772469721,1745313299748,2025-04-22T09:14:59Z,2025,214.05036672954,2048,4096,E01002732,Islington,5,3620891388213788.jpg,2025-08-01T17:54:23Z,supplement
1191977575898453,-0.11319417232323,51.557575230585996,1745919967664,2025-04-29T09:46:07Z,2025,232.00187756102,2048,4096,E01002732,Islington,5,1191977575898453.jpg,2025-08-01T17:54:24Z,supplement
978059567874094,-0.11312021422222,51.55823269602,1745919949312,2025-04-29T09:45:49Z,2025,154.74914540487,2048,4096,E01002732,Islington,5,978059567874094.jpg,2025-08-01T17:54:25Z,supplement
538443832654169,-0.1129901450101,51.557679827495,1745919964327,2025-04-29T09:46:04Z,2025,231.19333662734,2048,4096,E01002732,Islington,5,538443832654169.jpg,2025-08-01T17:54:26Z,supplement
1092498746042672,-0.11304218202978,51.558192523045,1745407115054,2025-04-23T11:18:35Z,2025,157.48698774212,2048,4096,E01002732,Islington,5,1092498746042672.jpg,2025-08-01T17:54:27Z,supplement
1925923154846556,-0.11303078109091,51.558105523212,1745919952215,2025-04-29T09:45:52Z,2025,156.30517236191,2048,4096,E01002732,Islington,5,1925923154846556.jpg,2025-08-01T17:54:29Z,supplement
991331709775462,-0.11347556515152,51.558682407576,1745919940503,2025-04-29T09:45:40Z,2025,151.81050371549,2048,4096,E01002732,Islington,5,991331709775462.jpg,2025-08-01T17:54:30Z,supplement
1744922476134934,-0.10782499244851,51.562225070611,1750936501529,2025-06-26T11:15:01Z,2025,194.1867616758,2048,4096,E01002732,Islington,5,1744922476134934.jpg,2025-08-01T17:54:32Z,supplement
1773924560167106,-0.11318123711111,51.558368501778,1745407111784,2025-04-23T11:18:31Z,2025,153.9648612353,2048,4096,E01002732,Islington,5,1773924560167106.jpg,2025-08-01T17:54:33Z,supplement
1025469232846606,-0.11309249043651,51.557627125933,1745919966095,2025-04-29T09:46:06Z,2025,228.05002670083,2048,4096,E01002732,Islington,5,1025469232846606.jpg,2025-08-01T17:54:34Z,supplement
651432307708713,-0.11338084431435,51.558587020262,1745407107579,2025-04-23T11:18:27Z,2025,143.27496668533,2048,4096,E01002732,Islington,5,651432307708713.jpg,2025-08-01T17:54:36Z,supplement
9639823509396836,-0.11315980230159,51.557584523492,1745407139778,2025-04-23T11:18:59Z,2025,237.88447568671,2048,4096,E01002732,Islington,5,9639823509396836.jpg,2025-08-01T17:54:50Z,supplement
659902173618834,-0.11327579013693,51.557522472217,1745313306155,2025-04-22T09:15:06Z,2025,236.65550445944,2048,4096,E01002732,Islington,5,659902173618834.jpg,2025-08-01T17:54:51Z,supplement
1335442080884503,-0.1130278380719,51.557659963791,1746005167751,2025-04-30T09:26:07Z,2025,229.14488500243,2048,4096,E01002732,Islington,5,1335442080884503.jpg,2025-08-01T17:54:52Z,supplement
1203199871353224,-0.11302065298805,51.558167352988,1745407115521,2025-04-23T11:18:35Z,2025,148.12996350743,2048,4096,E01002732,Islington,5,1203199871353224.jpg,2025-08-01T17:54:53Z,supplement
1992715511259652,-0.10996919272727,51.559945714545,1750936504565,2025-06-26T11:15:04Z,2025,214.8566762186,2048,4096,E01002732,Islington,5,1992715511259652.jpg,2025-08-01T17:54:54Z,supplement
695675709589880,-0.11287088279421,51.558000626235,1745313271286,2025-04-22T09:14:31Z,2025,142.14734148086,2048,4096,E01002732,Islington,5,695675709589880.jpg,2025-08-01T17:54:55Z,supplement
1038345948247877,-0.11340350962302,51.558611200317,1745407107112,2025-04-23T11:18:27Z,2025,154.09351039977,2048,4096,E01002732,Islington,5,1038345948247877.jpg,2025-08-01T17:54:56Z,supplement
611270561925173,-0.11300039104634,51.557664213525,1745313302418,2025-04-22T09:15:02Z,2025,217.42329290493,2048,4096,E01002732,Islington,5,611270561925173.jpg,2025-08-01T17:54:57Z,supplement
122738636485276,-0.099341284683305,51.426416838813,1496084407000,2017-05-29T19:00:07Z,2017,348.40954589844,2448,3264,E01003066,Lambeth,5,122738636485276.jpg,2025-08-01T17:55:00Z,supplement
1138743083219300,-0.10025996595334,51.427937516537,1496065607000,2017-05-29T13:46:47Z,2017,256.16302490234,2448,3264,E01003066,Lambeth,5,1138743083219300.jpg,2025-08-01T17:55:01Z,supplement
136399451803546,-0.099505000000022,51.426688,1496084410000,2017-05-29T19:00:10Z,2017,347.80325317383,2448,3264,E01003066,Lambeth,5,136399451803546.jpg,2025-08-01T17:55:02Z,supplement
1936715203142786,-0.09997897033486,51.427487418182,1496084451000,2017-05-29T19:00:51Z,2017,344.78567504883,2448,3264,E01003066,Lambeth,5,1936715203142786.jpg,2025-08-01T17:55:03Z,supplement
2976919832579146,-0.099519740487835,51.42658296,1496065638000,2017-05-29T13:47:18Z,2017,254.52226257324,2448,3264,E01003066,Lambeth,5,2976919832579146.jpg,2025-08-01T17:55:04Z,supplement
303794671311028,-0.10024662499995,51.4278940625,1496084503000,2017-05-29T19:01:43Z,2017,346.85174560547,2448,3264,E01003066,Lambeth,5,303794671311028.jpg,2025-08-01T17:55:06Z,supplement
368474457860240,-0.10029709615378,51.428004918268996,1496084510000,2017-05-29T19:01:50Z,2017,347.21813964844,2448,3264,E01003066,Lambeth,5,368474457860240.jpg,2025-08-01T17:55:07Z,supplement
949560132490129,-0.10040851540043,51.428183924025,1496084516000,2017-05-29T19:01:56Z,2017,345.72796630859,2448,3264,E01003066,Lambeth,5,949560132490129.jpg,2025-08-01T17:55:08Z,supplement
287454622868051,-0.099695145514261,51.427008537199,1496084416000,2017-05-29T19:00:16Z,2017,346.43167114258,2448,3264,E01003066,Lambeth,5,287454622868051.jpg,2025-08-01T17:55:09Z,supplement
297509408547089,-0.10035773877553,51.428113463265,1496084514000,2017-05-29T19:01:54Z,2017,344.34915161133,2448,3264,E01003066,Lambeth,5,297509408547089.jpg,2025-08-01T17:55:10Z,supplement
179518494028027,-0.099897076687057,51.427331674847,1496084423000,2017-05-29T19:00:23Z,2017,345.66107177734,2448,3264,E01003066,Lambeth,5,179518494028027.jpg,2025-08-01T17:55:11Z,supplement
466534777894389,-0.10058572189348,51.428456465483,1496065600000,2017-05-29T13:46:40Z,2017,257.03088378906,2448,3264,E01003066,Lambeth,5,466534777894389.jpg,2025-08-01T17:55:13Z,supplement
1121260075044533,-0.10014613483145,51.427746856997,1496084466000,2017-05-29T19:01:06Z,2017,346.35470581055,2448,3264,E01003066,Lambeth,5,1121260075044533.jpg,2025-08-01T17:55:14Z,supplement
446870746402871,-0.099581608121866,51.426825680203,1496084413000,2017-05-29T19:00:13Z,2017,346.56756591797,2448,3264,E01003066,Lambeth,5,446870746402871.jpg,2025-08-01T17:55:16Z,supplement
1158517471302911,-0.10001703718194,51.427537970646,1496084454000,2017-05-29T19:00:54Z,2017,348.18533325195,2448,3264,E01003066,Lambeth,5,1158517471302911.jpg,2025-08-01T17:55:17Z,supplement
298504858518495,-0.09964903736477,51.426819219272,1496065635000,2017-05-29T13:47:15Z,2017,255.24449157715,2448,3264,E01003066,Lambeth,5,298504858518495.jpg,2025-08-01T17:55:18Z,supplement
210351310653027,-0.099842579881624,51.427200127219,1496065618000,2017-05-29T13:46:58Z,2017,260.49221801758,2448,3264,E01003066,Lambeth,5,210351310653027.jpg,2025-08-01T17:55:19Z,supplement
938016120371878,-0.099791627586228,51.42704522069,1496065631000,2017-05-29T13:47:11Z,2017,262.13973999023,2448,3264,E01003066,Lambeth,5,938016120371878.jpg,2025-08-01T17:55:20Z,supplement
3854560544581091,-0.10156186243387,51.429952004233,1496084558000,2017-05-29T19:02:38Z,2017,303.33978271484,2448,3264,E01003066,Lambeth,5,3854560544581091.jpg,2025-08-01T17:55:21Z,supplement
475889803462362,-0.10070677932958,51.428660840782,1496084526000,2017-05-29T19:02:06Z,2017,345.61477661133,2448,3264,E01003066,Lambeth,5,475889803462362.jpg,2025-08-01T17:55:22Z,supplement
745646274639569,-0.18649054214445,51.521890179226,1751721056014,2025-07-05T13:10:56Z,2025,293.5495004864,2048,4096,E01004757,Westminster,5,745646274639569.jpg,2025-08-01T17:55:27Z,supplement
1393146441737132,-0.18492199919872,51.521387050962,1751721039581,2025-07-05T13:10:39Z,2025,308.0201808103,2048,4096,E01004757,Westminster,5,1393146441737132.jpg,2025-08-01T17:55:28Z,supplement
1060681082340539,-0.18571434095309,51.522037967386,1751721172047,2025-07-05T13:12:52Z,2025,114.90507110622,2048,4096,E01004757,Westminster,5,1060681082340539.jpg,2025-08-01T17:55:29Z,supplement
4114121798868856,-0.18567937782738,51.521628527679,1751721047798,2025-07-05T13:10:47Z,2025,280.31169318756,2048,4096,E01004757,Westminster,5,4114121798868856.jpg,2025-08-01T17:55:30Z,supplement
2756199267902835,-0.18490377716346,51.52178843101,1751721181264,2025-07-05T13:13:01Z,2025,117.15429519065,2048,4096,E01004757,Westminster,5,2756199267902835.jpg,2025-08-01T17:55:32Z,supplement
748301641104345,-0.18749016850335,51.522217300298,1751721068026,2025-07-05T13:11:08Z,2025,284.60761607493,2048,4096,E01004757,Westminster,5,748301641104345.jpg,2025-08-01T17:55:32Z,supplement
1233354217966593,-0.1859990759887,51.521731140254,1751721051093,2025-07-05T13:10:51Z,2025,298.56205136301,2048,4096,E01004757,Westminster,5,1233354217966593.jpg,2025-08-01T17:55:33Z,supplement
1048745457394683,-0.18668921864673,51.5219560893,1751721058141,2025-07-05T13:10:58Z,2025,300.91093066804,2048,4096,E01004757,Westminster,5,1048745457394683.jpg,2025-08-01T17:55:35Z,supplement
733474179166259,-0.18320415845791,51.520958384422,1751721477769,2025-07-05T13:17:57Z,2025,301.07622078738,2048,4096,E01004757,Westminster,5,733474179166259.jpg,2025-08-01T17:55:36Z,supplement
1271427911186678,-0.18635265454545,51.522243370455,1751721163163,2025-07-05T13:12:43Z,2025,121.07693401352,2048,4096,E01004757,Westminster,5,1271427911186678.jpg,2025-08-01T17:55:37Z,supplement
748852651375739,-0.18217959598214,51.522126997321,1751721233734,2025-07-05T13:13:53Z,2025,316.97538770508,2048,4096,E01004757,Westminster,5,748852651375739.jpg,2025-08-01T17:55:38Z,supplement
1235245921038435,-0.18511438838421,51.521458603053,1751721041750,2025-07-05T13:10:41Z,2025,296.5650795467,2048,4096,E01004757,Westminster,5,1235245921038435.jpg,2025-08-01T17:55:39Z,supplement
733450649627777,-0.18688950416994,51.52202212856,1751721060310,2025-07-05T13:11:00Z,2025,299.64871297994,2048,4096,E01004757,Westminster,5,733450649627777.jpg,2025-08-01T17:55:40Z,supplement
1784967212451140,-0.18385293752792,51.521471412509,1751721195404,2025-07-05T13:13:15Z,2025,118.17862347062,2048,4096,E01004757,Westminster,5,1784967212451140.jpg,2025-08-01T17:55:41Z,supplement
2820315664843196,-0.18231555413428,51.522196513993,1751721236611,2025-07-05T13:13:56Z,2025,300.12947624183,2048,4096,E01004757,Westminster,5,2820315664843196.jpg,2025-08-01T17:55:42Z,supplement
1958621684949012,-0.18594632792256,51.522124563961,1751721168794,2025-07-05T13:12:48Z,2025,128.78480481438,2048,4096,E01004757,Westminster,5,1958621684949012.jpg,2025-08-01T17:55:43Z,supplement
1083122123700849,-0.18274982261484,51.521625107562,1751721210419,2025-07-05T13:13:30Z,2025,48.525476313198,2048,4096,E01004757,Westminster,5,1083122123700849.jpg,2025-08-01T17:55:43Z,supplement
2024518024621809,-0.18764062641509,51.522273984277,1751721070779,2025-07-05T13:11:10Z,2025,316.97548049431,2048,4096,E01004757,Westminster,5,2024518024621809.jpg,2025-08-01T17:55:44Z,supplement
2211146409327908,-0.18214768245476,51.521958638159,1751721222013,2025-07-05T13:13:42Z,2025,39.67976282293,2048,4096,E01004757,Westminster,5,2211146409327908.jpg,2025-08-01T17:55:45Z,supplement
1233346338230025,-0.18063478130841,51.520398200288,1751721396771,2025-07-05T13:16:36Z,2025,322.38979775352,2048,4096,E01004757,Westminster,5,1233346338230025.jpg,2025-08-01T17:55:46Z,supplement
