lsoa_code,n_images,mean_gvi,median_gvi,std_gvi,min_gvi,max_gvi,q25_gvi,q75_gvi,processing_time,timestamp,borough,imd_score,imd_quintile,__order
E01000865,100,17.86901855,13.0645752,16.626894,0,80.87768555,5.107116699,27.65045166,22.05134392,2025-08-09T19:41:47.251088,Camden,13.236,Q1_Least,20250809_194306
E01000871,100,18.82501221,15.39611816,16.66194725,0,72.61352539,5.899047852,27.8137207,18.56255794,2025-08-09T19:56:59.858292,Camden,14.237,Q1_Least,20250809_195738
E01000873,100,21.36376953,17.48352051,15.41815853,0,70.20874023,11.77062988,25.77056885,12.45250583,2025-08-09T19:57:52.668690,Camden,8.615,Q1_Least,20250809_195818
E01000874,100,18.18408203,15.64941406,13.5015831,0,55.15136719,6.994628906,25.61187744,17.24051261,2025-08-09T19:58:36.888900,Camden,4.907,Q1_Least,20250809_195901
E01000877,100,18.07922363,14.79492188,13.90262508,0,56.28662109,6.716918945,26.04064941,13.70002341,2025-08-09T19:59:16.463926,Camden,11.158,Q1_Least,20250809_195948
E01000878,100,16.22955322,9.353637695,16.45498466,0,67.72460938,2.641296387,26.27258301,13.15155745,2025-08-09T20:00:03.248389,Camden,5.647,Q1_Least,20250809_200026
E01000879,80,27.67715454,24.22485352,17.49303436,0,88.51318359,17.89398193,35.91918945,15.36332083,2025-08-09T20:36:12.691018,Camden,5.877,Q1_Least,20250809_203654
E01000880,80,15.84854126,9.375,16.12402534,0,61.35864258,1.943969727,24.1104126,12.68470788,2025-08-09T20:40:47.130189,Camden,6.105,Q1_Least,20250809_204129
E01000881,80,28.60664368,26.11083984,22.75884819,0,85.79711914,4.890441895,48.01635742,16.76925731,2025-08-09T20:41:45.977319,Camden,13.429,Q1_Least,20250809_204243
E01000883,80,11.01402283,0.601196289,17.36455345,0,71.47827148,0,16.32080078,13.70727253,2025-08-09T20:42:57.049510,Camden,9.536,Q1_Least,20250809_204324
E01000895,100,22.3963623,22.09777832,16.77402878,0,57.82470703,5.964660645,33.24584961,16.32951045,2025-08-09T19:38:33.702059,Camden,8.367,Q1_Least,20250809_193936
E01000896,100,27.70080566,24.9206543,21.86750221,0.604248047,93.49365234,8.633422852,41.07208252,21.31875491,2025-08-09T19:39:57.675314,Camden,5.734,Q1_Least,20250809_194125
E01000912,100,38.59564209,38.52539063,24.19951248,0.006103516,94.42749023,17.93518066,55.21697998,20.98944688,2025-08-09T19:42:27.063140,Camden,22.316,Q3,20250809_194306
E01000915,100,13.26422119,15.234375,8.540571213,0,29.38232422,5.110168457,19.25506592,20.54251409,2025-08-09T20:16:40.887363,Camden,23.058,Q3,20250809_201651
E01000919,100,5.297363281,0.833129883,7.933811665,0,33.203125,0,9.101867676,23.70216846,2025-08-09T20:18:29.707952,Camden,21.741,Q3,20250809_201839
E01000922,80,7.728042603,2.80456543,10.25261307,0,44.40917969,0.152587891,12.20550537,13.13871861,2025-08-09T20:35:36.553690,Camden,21.717,Q3,20250809_203541
E01000929,80,24.38453674,24.31335449,14.90096664,0,48.19946289,10.39581299,37.5793457,13.80322361,2025-08-09T20:36:47.643420,Camden,25.374,Q3,20250809_203654
E01000930,100,9.601135254,0.408935547,13.19237423,0,48.77319336,0.035095215,18.98956299,14.27040482,2025-08-09T19:44:22.438061,Camden,30.755,Q4,20250809_194428
E01000937,100,17.94592285,17.73071289,12.41952229,0,53.84521484,8.728027344,23.25592041,21.21362758,2025-08-09T19:54:31.850872,Camden,14.324,Q1_Least,20250809_195517
E01000949,100,15.22692871,14.6697998,11.14849567,0,39.10522461,5.534362793,24.9206543,19.37513113,2025-08-09T19:33:07.149054,Camden,19.618,Q2,20250809_193511
E01000960,100,8.358764648,0.073242188,17.89107323,0,72.21679688,0,4.989624023,21.28824067,2025-08-09T19:36:15.326565,Camden,16.477,Q2,20250809_193817
E01000969,80,10.13130188,5.975341797,11.05481052,0,38.43994141,1.675415039,14.91394043,15.3696084,2025-08-09T20:35:57.325702,Camden,6.278,Q1_Least,20250809_203654
E01001583,100,15.67956543,12.33520508,13.80564785,0,60.01586914,5.02166748,24.22790527,22.77899575,2025-08-09T19:32:45.304601,Greenwich,13.467,Q1_Least,20250809_193511
E01001585,80,20.20751953,19.28100586,13.93241596,0.079345703,49.28588867,8.227539063,29.7744751,18.61072493,2025-08-09T20:43:42.966572,Greenwich,12.942,Q1_Least,20250809_204415
E01001586,100,26.24456787,26.68151855,11.14185143,1.397705078,52.45361328,18.26324463,35.20812988,20.12941575,2025-08-09T19:36:55.125334,Greenwich,24.143,Q3,20250809_193817
E01001595,100,19.92193604,19.00634766,11.61851978,0.274658203,62.43896484,12.7532959,23.60839844,21.65396738,2025-08-09T19:39:13.253566,Greenwich,23.247,Q3,20250809_193936
E01001596,100,12.43139648,7.971191406,13.44488907,0.823974609,81.51245117,4.792785645,13.88092041,19.27057886,2025-08-09T19:56:41.294742,Greenwich,9.357,Q1_Least,20250809_195738
E01001608,80,9.822387695,9.051513672,6.94609499,0.018310547,37.109375,6.239318848,11.89422607,18.31057954,2025-08-09T20:39:57.825525,Greenwich,14.25,Q1_Least,20250809_204034
E01001609,100,11.0413208,3.3203125,17.04259491,0,66.70532227,0.682067871,11.17858887,24.97183895,2025-08-09T19:40:43.959163,Greenwich,21.984,Q3,20250809_194125
E01001631,100,7.81072998,5.187988281,7.400853634,0.054931641,35.24780273,2.062988281,10.49041748,20.31009245,2025-08-09T19:37:57.921685,Greenwich,34.131,Q5_Most,20250809_193817
E01001640,100,3.850280762,0.87890625,6.055476665,0,26.01928711,0.028991699,3.910827637,22.95918155,2025-08-09T19:37:19.191732,Greenwich,30.555,Q4,20250809_193817
E01001645,100,31.81121826,30.2154541,16.75695038,1.434326172,61.05957031,16.81671143,48.90136719,16.37013531,2025-08-09T19:39:30.226069,Greenwich,27.85,Q4,20250809_193936
E01001648,100,21.23773193,19.59838867,11.45906544,0.634765625,51.51367188,12.90435791,28.39050293,20.15494084,2025-08-09T19:29:48.691406,Greenwich,19.236,Q2,20250809_193222
E01001650,100,12.8104248,10.92529297,10.83045673,0.140380859,50.17089844,4.139709473,19.67926025,16.31790614,2025-08-09T19:41:19.430657,Greenwich,31.966,Q4,20250809_194125
E01001660,100,30.00811768,31.00585938,15.4003315,0.183105469,86.38916016,21.01593018,39.46838379,18.78028798,2025-08-09T19:43:01.579335,Greenwich,33.571,Q4,20250809_194306
E01001666,100,6.608703613,4.022216797,7.417231083,0,28.08227539,0.549316406,10.20812988,23.6721344,2025-08-09T20:14:57.276691,Greenwich,25.344,Q3,20250809_201508
E01001705,100,7.992614746,4.437255859,9.603225708,0,50.86669922,1.406860352,12.14141846,21.35769033,2025-08-09T19:56:19.112422,Greenwich,32.594,Q4,20250809_195622
E01001710,100,10.71307373,8.435058594,9.700984955,0,46.08154297,2.597045898,17.19360352,14.84253693,2025-08-09T19:57:35.630362,Greenwich,33.511,Q4,20250809_195738
E01001715,100,10.07629395,5.990600586,12.96359062,0,72.11914063,3.060913086,9.771728516,20.13309574,2025-08-09T19:34:15.853689,Hackney,28.349,Q4,20250809_193511
E01001719,100,25.36968994,24.50561523,16.73135567,0,67.30957031,12.67242432,34.41619873,15.63730192,2025-08-09T19:34:53.307835,Hackney,35.72,Q5_Most,20250809_193511
E01001799,100,7.443969727,1.751708984,9.447746277,0,32.21435547,0,14.40582275,15.34894967,2025-08-09T19:33:38.499366,Hackney,26.539,Q3,20250809_193511
E01001830,100,7.229064941,4.022216797,7.984323502,0,30.17578125,0.016784668,12.39471436,17.0457294,2025-08-09T19:54:53.362209,Hackney,32.425,Q4,20250809_195517
E01001835,66,8.532714844,2.185058594,12.78282547,0,57.8125,0.34942627,12.08343506,8.094449043,2025-08-09T20:12:28.806768,Hackney,21.313,Q3,20250809_201238
E01001836,100,20.50964355,16.86401367,19.89351082,0.006103516,85.13793945,3.733825684,30.57098389,18.22928238,2025-08-09T20:13:12.780922,Hackney,26.182,Q3,20250809_201341
E01001851,100,15.87878418,16.20788574,9.686253548,0.067138672,37.29858398,8.17565918,23.67248535,20.42322564,2025-08-09T20:00:50.254121,Hammersmith and Fulham,13.267,Q1_Least,20250809_200100
E01001866,100,11.19445801,8.111572266,10.32594013,0,42.66357422,2.25982666,17.3538208,21.10437036,2025-08-09T19:35:32.871252,Hammersmith and Fulham,14.104,Q1_Least,20250809_193817
E01001888,100,5.536804199,1.889038086,8.670091629,0,57.98339844,0.260925293,6.771850586,16.57981277,2025-08-09T19:52:19.817648,Hammersmith and Fulham,10.795,Q1_Least,20250809_195247
E01001890,100,17.88336182,18.64013672,12.56244373,0,48.27880859,8.276367188,26.46636963,14.03134871,2025-08-09T19:53:01.910964,Hammersmith and Fulham,13.675,Q1_Least,20250809_195356
E01001911,100,6.535644531,2.459716797,8.664039612,0,42.21191406,1.373291016,8.258056641,19.44084811,2025-08-09T19:38:17.365549,Hammersmith and Fulham,34.648,Q5_Most,20250809_193817
E01001958,100,14.61907959,11.0534668,12.29033756,0,57.56225586,4.922485352,22.77832031,19.19491959,2025-08-09T19:05:08.192674,Hammersmith and Fulham,38.666,Q5_Most,20250809_190508
E01001959,100,11.7822876,8.679199219,11.6868906,0,53.66210938,2.429199219,17.48199463,19.70917845,2025-08-09T19:28:45.604812,Hammersmith and Fulham,40.084,Q5_Most,20250809_192845
E01001961,100,20.64276123,16.04309082,18.08210945,0,87.01171875,9.309387207,27.70996094,20.50101972,2025-08-09T19:32:22.518604,Hammersmith and Fulham,41.84,Q5_Most,20250809_193222
E01002701,100,4.575195313,0.244140625,7.112375736,0,22.87597656,0,8.465576172,18.41386032,2025-08-09T19:37:37.607604,Islington,27.789,Q4,20250809_193817
E01002706,100,10.4284668,6.750488281,11.68784618,0,44.6105957,0.268554688,18.57910156,19.46640301,2025-08-09T19:30:32.508378,Islington,24.912,Q3,20250809_193222
E01002707,100,20.14453125,20.30029297,16.10783577,0,63.77563477,2.433776855,27.90679932,17.21620393,2025-08-09T19:33:55.718588,Islington,25.684,Q3,20250809_193511
E01002723,100,33.15722656,37.6953125,17.53923988,1.135253906,67.02880859,18.12133789,45.87249756,15.76085401,2025-08-09T19:50:51.923458,Islington,28.536,Q4,20250809_195054
E01002725,100,20.1015625,10.9161377,20.37681007,0,68.75610352,3.219604492,32.48596191,19.60794663,2025-08-09T19:04:47.894233,Islington,29.084,Q4,20250809_190508
E01002727,100,34.05657959,31.94885254,25.08612251,0,92.66357422,12.07122803,51.80969238,19.47940016,2025-08-09T19:04:11.505445,Islington,26.051,Q3,20250809_190508
E01002728,100,17.16760254,9.1796875,17.42246437,0,71.02661133,1.817321777,30.35736084,20.57159376,2025-08-09T19:27:45.639198,Islington,27.235,Q3,20250809_192845
E01002730,100,6.87487793,2.017211914,10.52311611,0,47.88818359,0.442504883,7.891845703,18.97913337,2025-08-09T19:28:06.004549,Islington,30.4,Q4,20250809_192845
E01002735,100,9.826171875,5.444335938,13.30327225,0,63.31176758,1.46484375,11.96594238,22.04227972,2025-08-09T19:31:39.270510,Islington,33.51,Q4,20250809_193222
E01002738,100,24.30200195,20.5657959,18.69041061,0,84.11254883,11.5814209,32.2479248,19.80754924,2025-08-09T19:44:08.165658,Islington,24.682,Q3,20250809_194428
E01002742,100,8.082458496,4.901123047,9.029076576,0,38.79394531,1.095581055,12.28485107,15.99785614,2025-08-09T19:33:23.149412,Islington,15.801,Q2,20250809_193511
E01002747,80,7.728729248,5.526733398,7.600649834,0,30.86547852,1.39465332,11.80114746,18.45523405,2025-08-09T20:37:12.529030,Islington,13.325,Q1_Least,20250809_203811
E01002749,100,5.798339844,3.884887695,6.339261055,0,30.45654297,0.917053223,8.540344238,13.08865333,2025-08-09T19:45:24.642550,Islington,22.829,Q3,20250809_194548
E01002752,100,16.09838867,14.99938965,14.29309654,0,47.65625,1.420593262,29.5791626,11.97332239,2025-08-09T19:46:57.253083,Islington,22.426,Q3,20250809_194731
E01002756,100,45.69036484,48.28796387,18.90888023,0,85.02807617,36.81945801,58.03222656,18.3670752,2025-08-09T19:47:28.914503,Islington,27.776,Q4,20250809_194731
E01002762,100,22.78686523,19.0246582,15.62756634,0,67.08984375,12.67242432,29.15802002,19.52006078,2025-08-09T19:03:34.094448,Islington,20.717,Q2,20250809_190508
E01002763,100,18.35186768,15.97595215,13.29448128,0,67.08984375,7.806396484,26.06506348,15.19885421,2025-08-09T19:49:18.148443,Islington,33.113,Q4,20250809_194922
E01002769,100,15.12530518,12.44506836,10.99415112,0.415039063,47.83935547,6.376647949,21.81091309,21.16312551,2025-08-09T19:06:13.765708,Islington,20.118,Q2,20250809_190613
E01002779,100,7.557678223,1.251220703,10.50876713,0,35.16235352,0.096130371,12.46643066,17.14924979,2025-08-09T19:27:07.693380,Islington,18.595,Q2,20250809_192845
E01002789,80,13.63471985,12.04528809,10.7341032,0,44.27490234,4.57611084,21.1151123,21.53235412,2025-08-09T20:38:32.570916,Islington,13.703,Q1_Least,20250809_203939
E01002818,100,6.218139648,0.87890625,10.74957466,0,43.87207031,0.064086914,6.06842041,21.16007161,2025-08-09T19:35:54.033322,Kensington and Chelsea,12.656,Q1_Least,20250809_193817
E01002824,100,37.95159912,33.91418457,23.71647835,0,93.54858398,25.52185059,54.51660156,23.42935157,2025-08-09T19:03:13.266242,Kensington and Chelsea,10.045,Q1_Least,20250809_190508
E01002825,100,11.65838623,8.242797852,11.20203876,0,55.81665039,4.049682617,15.93933105,20.06357527,2025-08-09T19:05:29.128737,Kensington and Chelsea,9.697,Q1_Least,20250809_190613
E01002826,100,16.55279541,9.64050293,18.61480331,0,82.67211914,1.428222656,24.84283447,21.42430949,2025-08-09T19:26:28.972780,Kensington and Chelsea,10.756,Q1_Least,20250809_192845
E01002827,100,15.19433594,9.866333008,14.61658001,0,71.72851563,2.510070801,25.9262085,22.24314451,2025-08-09T19:29:28.534312,Kensington and Chelsea,12.075,Q1_Least,20250809_193222
E01002835,100,9.785705566,8.139038086,8.201453209,0,36.49291992,2.450561523,15.24353027,20.57922816,2025-08-09T19:43:28.004661,Kensington and Chelsea,10.461,Q1_Least,20250809_194428
E01002836,100,4.981994629,0.848388672,6.632675171,0,28.22875977,0,8.526611328,18.10291362,2025-08-09T19:45:06.588443,Kensington and Chelsea,11.093,Q1_Least,20250809_194548
E01002837,100,7.685424805,5.944824219,6.795581341,0.079345703,41.74194336,2.099609375,13.21868896,18.04195213,2025-08-09T19:46:23.819809,Kensington and Chelsea,13.106,Q1_Least,20250809_194731
E01002848,100,10.93377686,4.467773438,14.82157707,0,76.76391602,0.422668457,17.11730957,18.5099144,2025-08-09T19:50:36.158602,Kensington and Chelsea,29.533,Q4,20250809_195054
E01002880,100,7.428955078,3.820800781,9.899303436,0,58.46557617,1.815795898,7.99407959,18.45004511,2025-08-09T19:35:11.760884,Kensington and Chelsea,44.248,Q5_Most,20250809_193511
E01002893,100,7.550842285,3.060913086,10.23012543,0,43.98193359,0.160217285,10.27526855,13.99073315,2025-08-09T19:48:41.951551,Kensington and Chelsea,21.771,Q3,20250809_194922
E01002899,100,5.743835449,3.674316406,6.235425949,0,27.05688477,0.505065918,9.300231934,14.97001004,2025-08-09T19:50:17.646688,Kensington and Chelsea,21.45,Q3,20250809_195054
E01002912,100,10.18640137,6.948852539,9.358546257,0,37.98217773,2.659606934,16.16821289,19.52969861,2025-08-09T19:48:09.099323,Kensington and Chelsea,13.905,Q1_Least,20250809_194922
E01002914,100,14.1975708,10.7208252,13.01273155,0,79.07104492,5.018615723,18.8583374,18.90320969,2025-08-09T19:49:42.760777,Kensington and Chelsea,8.875,Q1_Least,20250809_195054
E01003032,100,25.38598633,14.86816406,26.68757248,0,94.59228516,0.581359863,46.45385742,15.36537886,2025-08-09T19:57:20.782833,Lambeth,31.549,Q4,20250809_195738
E01003039,100,26.23168945,7.455444336,30.68711853,0,97.82104492,0.378417969,47.4899292,19.87755489,2025-08-09T19:55:37.425815,Lambeth,10.643,Q1_Least,20250809_195622
E01003100,100,16.52148438,13.3392334,15.02697754,0,69.17114258,5.111694336,25.50354004,24.34557629,2025-08-09T19:30:13.038983,Lambeth,16.907,Q2,20250809_193222
E01003109,100,7.781494141,4.595947266,9.56662941,0,53.90625,0.772094727,9.991455078,21.81086135,2025-08-09T19:34:37.668543,Lambeth,27.59,Q4,20250809_193511
E01003113,100,34.40350342,25.49743652,29.21896172,0,90.51513672,8.711242676,60.07080078,15.73065448,2025-08-09T19:42:42.794788,Lambeth,23.176,Q3,20250809_194306
E01003122,80,11.27716064,4.629516602,13.17148304,0,51.22680664,0.073242188,20.30487061,15.95822906,2025-08-09T20:38:04.527000,Lambeth,25.76,Q3,20250809_203811
E01003127,80,13.88977051,7.250976563,13.61475277,0,51.72119141,2.722167969,22.35107422,18.89336896,2025-08-09T20:39:31.550477,Lambeth,26.097,Q3,20250809_203939
E01003137,100,30.0222168,30.5847168,14.65701389,2.923583984,65.5090332,18.64471436,40.68603516,17.61572552,2025-08-09T19:45:44.948469,Lambeth,29.29,Q4,20250809_194548
E01003162,100,30.8604126,30.859375,12.70880127,6.005859375,81.50024414,22.27630615,37.00256348,17.02129626,2025-08-09T19:48:27.958812,Lambeth,27.304,Q3,20250809_194922
E01003169,100,24.5668335,23.35205078,17.95684624,0,92.37060547,10.13641357,34.54742432,17.75558901,2025-08-09T19:50:02.674677,Lambeth,23.435,Q3,20250809_195054
E01003170,80,27.39959717,27.2277832,13.65365314,1.123046875,61.14501953,16.90368652,36.10992432,17.22842932,2025-08-09T20:46:09.080494,Lambeth,12.457,Q1_Least,20250809_204620
E01003170,80,26.69776917,26.74560547,12.77749729,2.166748047,67.76733398,18.36090088,33.73718262,10.78601289,2025-08-09T21:33:04.932805,Lambeth,12.457,Q1_Least,20250809_213316
E01003179,91,28.20763206,28.80249023,10.61454964,0.549316406,55.98144531,21.80175781,33.82568359,13.55461931,2025-08-09T19:53:36.071032,Lambeth,30.956,Q4,20250809_195356
E01003200,80,20.07507324,11.50817871,20.87636566,0.103759766,77.17895508,6.854248047,24.06768799,19.84035611,2025-08-09T20:44:36.774190,Lewisham,11.58,Q1_Least,20250809_204446
E01003202,80,15.70602417,18.24035645,11.99747562,0,39.29443359,2.632141113,26.02386475,16.00278807,2025-08-09T20:45:04.259458,Lewisham,9.192,Q1_Least,20250809_204515
E01003206,80,20.53657532,15.87524414,12.88384914,3.302001953,58.85009766,10.91766357,26.85546875,19.26217794,2025-08-09T20:45:36.928418,Lewisham,14.285,Q1_Least,20250809_204550
E01003206,80,18.41644287,15.80810547,11.55347347,1.190185547,56.26831055,10.4675293,25.46691895,13.03500581,2025-08-09T21:32:41.551572,Lewisham,14.285,Q1_Least,20250809_213252
E01003221,100,11.19256592,11.1907959,8.924787521,0,34.12475586,1.902770996,16.54663086,16.26882863,2025-08-09T19:51:58.127445,Lewisham,31.619,Q4,20250809_195203
E01003222,80,15.60089111,12.10327148,13.53439713,0.689697266,64.54467773,4.823303223,21.2020874,18.25490355,2025-08-09T20:41:08.402546,Lewisham,22.103,Q3,20250809_204129
E01003229,100,11.11810303,5.88684082,15.28133869,0,75.84838867,2.616882324,13.9755249,17.81251121,2025-08-09T19:52:43.210068,Lewisham,32.515,Q4,20250809_195247
E01003230,80,14.81681824,11.70043945,12.46278763,0,48.46191406,5.627441406,24.93896484,16.28095818,2025-08-09T20:39:12.656113,Lewisham,21.999,Q3,20250809_203939
E01003231,80,13.85231018,4.046630859,17.36623001,0,59.44213867,1.560974121,26.69372559,13.32196069,2025-08-09T20:37:48.567767,Lewisham,23.637,Q3,20250809_203811
E01003240,96,2.55616498,1.162719727,2.87174058,0,11.23657227,0.219726563,4.531860352,14.66032147,2025-08-09T19:55:57.751741,Lewisham,32.442,Q4,20250809_195622
E01003343,100,7.396179199,5.59387207,6.862783432,0,32.36083984,1.512145996,11.60125732,17.28907156,2025-08-09T20:14:33.602556,Lewisham,21.817,Q3,20250809_201508
E01003926,100,9.858337402,4.550170898,12.04644203,0,48.84643555,0.520324707,14.42260742,16.77483749,2025-08-09T19:04:28.281285,Southwark,31.441,Q4,20250809_190508
E01003929,100,2.146484375,0,4.460264683,0,17.98095703,0,0.823974609,23.06686139,2025-08-09T19:51:41.857615,Southwark,22.973,Q3,20250809_195203
E01003936,100,16.7543335,16.19873047,14.15406227,0,83.66699219,7.690429688,21.92382813,16.50169516,2025-08-09T19:42:03.753775,Southwark,14.247,Q1_Least,20250809_194306
E01003937,100,11.94909668,5.972290039,15.36508179,0,76.88598633,0.09765625,17.3324585,17.92860031,2025-08-09T19:03:52.024036,Southwark,24.291,Q3,20250809_190508
E01003966,91,10.66800594,9.222412109,8.199774742,0.024414063,40.69824219,4.12902832,14.96887207,13.29134059,2025-08-09T19:47:10.545423,Southwark,33.346,Q4,20250809_194731
E01003976,100,9.50982666,5.706787109,11.02632427,0,43.89038086,0.83770752,13.96331787,20.992028,2025-08-09T19:49:02.945587,Southwark,30.428,Q4,20250809_194922
E01003979,100,9.339233398,5.810546875,8.517637253,0,33.64868164,2.569580078,14.07470703,16.79472065,2025-08-09T19:53:52.867754,Southwark,29.514,Q4,20250809_195356
E01003990,100,30.92474365,28.79943848,18.48080635,1.928710938,73.93188477,14.93682861,44.03533936,16.00874853,2025-08-09T19:58:13.115181,Southwark,31.077,Q4,20250809_195818
E01003998,100,20.58544922,18.11218262,11.84125614,0,49.2980957,11.62109375,30.03082275,18.25691175,2025-08-09T19:43:48.357112,Southwark,25.146,Q3,20250809_194428
E01004022,100,17.07635498,12.02697754,15.39540291,0,79.89501953,5.599975586,24.1897583,19.12691808,2025-08-09T19:46:45.278762,Southwark,24.603,Q3,20250809_194731
E01004051,80,25.99250793,23.07739258,14.30219555,0,54.93774414,16.57714844,35.13946533,15.17770004,2025-08-09T20:46:37.310851,Southwark,9.731,Q1_Least,20250809_204648
E01004051,80,26.69578552,26.11083984,14.05213928,0,54.93774414,17.12341309,38.80767822,10.27952433,2025-08-09T21:33:27.569653,Southwark,9.731,Q1_Least,20250809_213338
E01004054,100,36.77105713,45.76721191,26.68431091,0,72.10693359,0.077819824,60.02655029,16.24896121,2025-08-09T20:01:18.483789,Southwark,8.354,Q1_Least,20250809_200127
E01004054,100,35.75354004,45.76721191,26.52098846,0,72.10693359,0.077819824,58.79821777,10.59691834,2025-08-09T20:12:18.854522,Southwark,8.354,Q1_Least,20250809_201238
E01004061,80,7.621917725,3.628540039,9.425761223,0,34.8815918,0.045776367,12.84942627,15.85235119,2025-08-09T20:40:28.207260,Southwark,21.531,Q3,20250809_204034
E01004069,100,38.37237549,37.57019043,14.48763466,5.737304688,78.65600586,28.11737061,47.59216309,16.57205439,2025-08-09T19:51:11.098134,Southwark,9.326,Q1_Least,20250809_195203
E01004070,80,36.13861084,31.91223145,17.71882248,7.861328125,78.16162109,23.00567627,48.27270508,17.78047633,2025-08-09T20:35:20.596980,Southwark,13.134,Q1_Least,20250809_203541
E01004075,100,45.41730118,44.43969727,15.36819744,15.18554688,77.28881836,33.32672119,56.82373047,17.99482775,2025-08-09T19:47:49.566626,Southwark,8.625,Q1_Least,20250809_194922
E01004216,100,30.19165039,29.98046875,14.85151577,1.251220703,63.72680664,18.82324219,40.13214111,14.26396227,2025-08-09T19:54:10.635253,Tower Hamlets,14.112,Q1_Least,20250809_195517
E01004223,100,31.46691895,22.37243652,27.59315681,0,94.42138672,6.680297852,52.37579346,22.74406362,2025-08-09T19:32:02.016585,Tower Hamlets,35.516,Q5_Most,20250809_193222
E01004246,100,8.21081543,7.995605469,7.234742641,0,29.81567383,2.244567871,10.90087891,19.19841409,2025-08-09T19:31:17.225607,Tower Hamlets,29.919,Q4,20250809_193222
E01004292,80,9.678421021,3.186035156,11.67704391,0,46.59423828,0.175476074,19.63348389,19.92489171,2025-08-09T20:44:02.893468,Tower Hamlets,7.73,Q1_Least,20250809_204415
E01004295,100,14.10467529,15.07263184,9.525602341,0,34.72290039,4.371643066,21.27532959,20.46229672,2025-08-09T19:55:13.826506,Tower Hamlets,31.081,Q4,20250809_195517
E01004313,100,14.54119873,4.620361328,18.42083931,0,63.65966797,0.59967041,25.88806152,17.36727834,2025-08-09T19:27:25.063603,Tower Hamlets,24.564,Q3,20250809_192845
E01004472,100,14.48156738,7.901000977,17.97722244,0,77.734375,1.026916504,19.37713623,13.25497198,2025-08-09T20:01:40.989938,Wandsworth,9.879,Q1_Least,20250809_200152
E01004472,100,14.11669922,7.901000977,17.63419342,0,77.734375,0.807189941,19.37713623,11.60968757,2025-08-09T20:12:50.035169,Wandsworth,9.879,Q1_Least,20250809_201341
E01004473,70,8.949410439,1.397705078,14.01734638,0,77.734375,0,14.10369873,7.7433002,2025-08-09T20:12:08.255602,Wandsworth,11.875,Q1_Least,20250809_201238
E01004517,100,24.94500732,17.07458496,23.53212166,0,82.97119141,5.416870117,43.06030273,21.56735039,2025-08-09T19:26:50.542122,Wandsworth,14.927,Q2,20250809_192845
E01004538,80,17.36671448,15.91796875,16.78706551,0,82.51342773,5.120849609,22.72033691,16.89756393,2025-08-09T20:42:37.157438,Wandsworth,25.102,Q3,20250809_204243
E01004539,100,9.157531738,6.945800781,9.210250854,0,35.83984375,0.96282959,13.82904053,19.88807893,2025-08-09T19:28:25.893626,Wandsworth,34.145,Q5_Most,20250809_192845
E01004540,100,9.076171875,5.215454102,11.39347172,0,59.15527344,0.47454834,13.56506348,18.93025804,2025-08-09T20:13:31.715179,Wandsworth,26.388,Q3,20250809_201341
E01004545,100,15.43151855,6.964111328,19.56869316,0,87.45117188,0.166320801,27.01263428,19.95953369,2025-08-09T19:44:48.482527,Wandsworth,10.551,Q1_Least,20250809_194548
E01004555,100,61.91241074,63.11035156,13.39041805,22.55249023,81.53686523,57.43255615,71.05560303,17.30006123,2025-08-09T19:46:05.772850,Wandsworth,4.844,Q1_Least,20250809_194731
E01004584,100,21.68493652,22.16796875,10.70868969,0,49.46899414,14.22729492,28.79333496,14.16407228,2025-08-09T20:00:22.205500,Wandsworth,32.114,Q4,20250809_200026
E01004594,100,12.70690918,10.84289551,10.41763878,0.042724609,46.39282227,3.472900391,19.56481934,12.97967291,2025-08-09T20:14:14.051572,Wandsworth,5.248,Q1_Least,20250809_201508
E01004600,100,11.83203125,8.563232422,12.8324585,0,70.91064453,1.745605469,17.10510254,20.50292802,2025-08-09T19:59:41.976127,Wandsworth,27.898,Q4,20250809_195948
E01004613,86,2.020263672,0.286865234,4.876848698,0,31.39038086,0.016784668,1.45111084,12.39192224,2025-08-09T19:58:55.253815,Wandsworth,32.542,Q4,20250809_195901
E01004639,100,16.12011719,15.69213867,9.250423431,1.135253906,49.1394043,9.352111816,21.71936035,20.67384315,2025-08-09T19:29:06.286659,Wandsworth,10.4,Q1_Least,20250809_193222
E01004644,100,19.81188965,17.72460938,10.44678497,3.485107422,50.79345703,11.32965088,25.83312988,19.66384959,2025-08-09T19:36:34.993925,Wandsworth,18.179,Q2,20250809_193817
E01004650,80,34.0940094,38.04321289,13.91874886,1.452636719,55.70068359,25.90484619,45.07293701,15.02076888,2025-08-09T20:43:12.076254,Westminster,5.964,Q1_Least,20250809_204324
E01004653,80,12.5453186,5.548095703,14.39052486,0,57.2265625,0,23.01330566,14.02143502,2025-08-09T20:42:00.000712,Westminster,10.84,Q1_Least,20250809_204243
E01004654,100,0.865600586,0,3.533792734,0,25.54321289,0,0.131225586,15.82252669,2025-08-09T19:53:17.737495,Westminster,12.798,Q1_Least,20250809_195356
E01004656,80,10.16532898,3.283691406,14.84303474,0,64.31884766,0.553894043,10.60638428,18.48384857,2025-08-09T20:42:20.256887,Westminster,23.605,Q3,20250809_204243
E01004663,100,3.319335938,0.55847168,5.714488506,0,32.87353516,0,4.513549805,23.4698298,2025-08-09T19:05:52.600567,Westminster,17.986,Q2,20250809_190613
E01004680,80,18.01773071,13.29650879,16.97329521,0,66.83349609,3.57208252,26.05285645,21.66015434,2025-08-09T20:38:54.232594,Westminster,11.027,Q1_Least,20250809_203939
E01004681,100,10.30249023,3.677368164,13.67975235,0,52.17895508,0.068664551,15.1260376,22.67172289,2025-08-09T20:17:43.652419,Westminster,12.054,Q1_Least,20250809_201839
E01004682,80,15.938797,13.28735352,15.23544216,0,50.34790039,0.152587891,26.64794922,20.57250309,2025-08-09T20:37:33.102533,Westminster,14.246,Q1_Least,20250809_203811
E01004684,100,9.34387207,2.386474609,13.75487709,0,71.52099609,0.004577637,12.4130249,19.14760613,2025-08-09T19:41:03.108760,Westminster,21.313,Q3,20250809_194125
E01004701,100,30.17889404,35.18981934,15.77064228,0,58.06274414,14.91241455,41.92199707,15.27138925,2025-08-09T19:38:48.976497,Westminster,9.41,Q1_Least,20250809_193936
E01004711,80,36.43119812,38.35449219,11.85779285,3.411865234,58.95385742,27.09960938,44.31915283,14.94103646,2025-08-09T20:41:23.345586,Westminster,24.274,Q3,20250809_204129
E01004712,100,6.124450684,1.684570313,8.881905556,0,35.96801758,0.068664551,8.815002441,29.39431143,2025-08-09T20:17:20.976665,Westminster,11.061,Q1_Least,20250809_201839
E01004714,100,3.92388916,1.82800293,4.829200745,0,17.31567383,0.247192383,6.632995605,24.23026824,2025-08-09T19:26:07.547471,Westminster,10.268,Q1_Least,20250809_192845
E01004726,100,26.87493896,26.48925781,17.71681404,0,81.23779297,13.55133057,37.86773682,19.11120391,2025-08-09T19:40:16.787506,Westminster,9.4,Q1_Least,20250809_194125
E01004731,100,17.81555176,11.38305664,19.05487251,0,66.24145508,0.869750977,28.25317383,27.35822225,2025-08-09T20:15:56.679359,Westminster,10.008,Q1_Least,20250809_201651
E01004763,100,2.835021973,0.103759766,5.653643131,0,24.74365234,0,2.079772949,25.51329255,2025-08-09T19:30:58.023678,Westminster,23.381,Q3,20250809_193222
E01032775,100,10.82312012,9.146118164,11.22822189,0,65.68603516,1.821899414,16.32843018,21.21871686,2025-08-09T20:15:29.319129,Tower Hamlets,9.375,Q1_Least,20250809_201651
E01032781,100,12.80712891,3.469848633,18.8725853,0,90.55786133,0.038146973,18.58673096,19.79885268,2025-08-09T20:14:01.068901,Tower Hamlets,12.666,Q1_Least,20250809_201508
E01032834,68,14.12829208,10.39733887,12.39637184,0.109863281,37.39624023,3.211975098,25.36315918,10.07305765,2025-08-09T20:40:07.901574,Southwark,9.09,Q1_Least,20250809_204034
E01033099,100,15.06188965,8.758544922,18.03316116,0,77.27050781,2.093505859,21.10443115,19.98790669,2025-08-09T20:18:06.002782,Wandsworth,21.195,Q3,20250809_201839
E01033100,80,8.688964844,2.615356445,12.69277382,0,53.23486328,0.019836426,11.6317749,19.14912057,2025-08-09T20:36:33.837196,Wandsworth,27.088,Q3,20250809_203654
E01033743,100,21.90142822,17.60864258,16.90224075,0,70.703125,9.178161621,30.9967041,21.24653482,2025-08-09T20:16:20.342776,Greenwich,20.968,Q3,20250809_201651
