lsoa_code,borough,n_images,mean_gvi,median_gvi,std_gvi,min_gvi,max_gvi,q25_gvi,q75_gvi,imd_score,imd_quintile,status,timestamp
E01000865,Camden,100,17.86901855,13.0645752,16.626894,0.0,80.87768555,5.107116699,27.65045166,13.236,Q1_Least,completed,2025-08-09T19:41:47.251088
E01000871,Camden,100,18.82501221,15.39611816,16.66194725,0.0,72.61352539,5.899047852,27.8137207,14.237,Q1_Least,completed,2025-08-09T19:56:59.858292
E01000873,Camden,100,21.36376953,17.48352051,15.41815853,0.0,70.20874023,11.77062988,25.77056885,8.615,Q1_Least,completed,2025-08-09T19:57:52.668690
E01000874,Camden,100,18.18408203,15.64941406,13.5015831,0.0,55.15136719,6.994628906,25.61187744,4.907,Q1_Least,completed,2025-08-09T19:58:36.888900
E01000877,Camden,100,18.07922363,14.79492188,13.90262508,0.0,56.28662109,6.716918945,26.04064941,11.158,Q1_Least,completed,2025-08-09T19:59:16.463926
E01000878,Camden,100,16.22955322,9.353637695,16.45498466,0.0,67.72460938,2.641296387,26.27258301,5.647,Q1_Least,completed,2025-08-09T20:00:03.248389
E01000879,Camden,80,27.67715454,24.22485352,17.49303436,0.0,88.51318359,17.89398193,35.91918945,5.877,Q1_Least,completed,2025-08-09T20:36:12.691018
E01000880,Camden,80,15.84854126,9.375,16.12402534,0.0,61.35864258,1.943969727,24.1104126,6.105,Q1_Least,completed,2025-08-09T20:40:47.130189
E01000881,Camden,80,28.60664368,26.11083984,22.75884819,0.0,85.79711914,4.890441895,48.01635742,13.429,Q1_Least,completed,2025-08-09T20:41:45.977319
E01000883,Camden,80,11.01402283,0.601196289,17.36455345,0.0,71.47827148,0.0,16.32080078,9.536,Q1_Least,completed,2025-08-09T20:42:57.049510
E01000895,Camden,100,22.3963623,22.09777832,16.77402878,0.0,57.82470703,5.964660645,33.24584961,8.367,Q1_Least,completed,2025-08-09T19:38:33.702059
E01000896,Camden,100,27.70080566,24.9206543,21.86750221,0.604248047,93.49365234,8.633422852,41.07208252,5.734,Q1_Least,completed,2025-08-09T19:39:57.675314
E01000912,Camden,100,38.59564209,38.52539063,24.19951248,0.006103516,94.42749023,17.93518066,55.21697998,22.316,Q3,completed,2025-08-09T19:42:27.063140
E01000915,Camden,100,13.26422119,15.234375,8.540571213,0.0,29.38232422,5.110168457,19.25506592,23.058,Q3,completed,2025-08-09T20:16:40.887363
E01000919,Camden,100,5.297363281,0.833129883,7.933811665,0.0,33.203125,0.0,9.101867676,21.741,Q3,completed,2025-08-09T20:18:29.707952
E01000922,Camden,80,7.728042603,2.80456543,10.25261307,0.0,44.40917969,0.152587891,12.20550537,21.717,Q3,completed,2025-08-09T20:35:36.553690
E01000929,Camden,80,24.38453674,24.31335449,14.90096664,0.0,48.19946289,10.39581299,37.5793457,25.374,Q3,completed,2025-08-09T20:36:47.643420
E01000930,Camden,100,9.601135254,0.408935547,13.19237423,0.0,48.77319336,0.035095215,18.98956299,30.755,Q4,completed,2025-08-09T19:44:22.438061
E01000937,Camden,100,17.94592285,17.73071289,12.41952229,0.0,53.84521484,8.728027344,23.25592041,14.324,Q1_Least,completed,2025-08-09T19:54:31.850872
E01000949,Camden,100,15.22692871,14.6697998,11.14849567,0.0,39.10522461,5.534362793,24.9206543,19.618,Q2,completed,2025-08-09T19:33:07.149054
E01000960,Camden,100,8.358764648,0.073242188,17.89107323,0.0,72.21679688,0.0,4.989624023,16.477,Q2,completed,2025-08-09T19:36:15.326565
E01000969,Camden,80,10.13130188,5.975341797,11.05481052,0.0,38.43994141,1.675415039,14.91394043,6.278,Q1_Least,completed,2025-08-09T20:35:57.325702
E01001583,Greenwich,100,15.67956543,12.33520508,13.80564785,0.0,60.01586914,5.02166748,24.22790527,13.467,Q1_Least,completed,2025-08-09T19:32:45.304601
E01001585,Greenwich,80,20.20751953,19.28100586,13.93241596,0.079345703,49.28588867,8.227539063,29.7744751,12.942,Q1_Least,completed,2025-08-09T20:43:42.966572
E01001586,Greenwich,100,26.24456787,26.68151855,11.14185143,1.397705078,52.45361328,18.26324463,35.20812988,24.143,Q3,completed,2025-08-09T19:36:55.125334
E01001595,Greenwich,100,19.92193604,19.00634766,11.61851978,0.274658203,62.43896484,12.7532959,23.60839844,23.247,Q3,completed,2025-08-09T19:39:13.253566
E01001596,Greenwich,100,12.43139648,7.971191406,13.44488907,0.823974609,81.51245117,4.792785645,13.88092041,9.357,Q1_Least,completed,2025-08-09T19:56:41.294742
E01001608,Greenwich,80,9.822387695,9.051513672,6.94609499,0.018310547,37.109375,6.239318848,11.89422607,14.25,Q1_Least,completed,2025-08-09T20:39:57.825525
E01001609,Greenwich,100,11.0413208,3.3203125,17.04259491,0.0,66.70532227,0.682067871,11.17858887,21.984,Q3,completed,2025-08-09T19:40:43.959163
E01001631,Greenwich,100,7.81072998,5.187988281,7.400853634,0.054931641,35.24780273,2.062988281,10.49041748,34.131,Q5_Most,completed,2025-08-09T19:37:57.921685
E01001640,Greenwich,100,3.850280762,0.87890625,6.055476665,0.0,26.01928711,0.028991699,3.910827637,30.555,Q4,completed,2025-08-09T19:37:19.191732
E01001645,Greenwich,100,31.81121826,30.2154541,16.75695038,1.434326172,61.05957031,16.81671143,48.90136719,27.85,Q4,completed,2025-08-09T19:39:30.226069
E01001648,Greenwich,100,21.23773193,19.59838867,11.45906544,0.634765625,51.51367188,12.90435791,28.39050293,19.236,Q2,completed,2025-08-09T19:29:48.691406
E01001650,Greenwich,100,12.8104248,10.92529297,10.83045673,0.140380859,50.17089844,4.139709473,19.67926025,31.966,Q4,completed,2025-08-09T19:41:19.430657
E01001660,Greenwich,100,30.00811768,31.00585938,15.4003315,0.183105469,86.38916016,21.01593018,39.46838379,33.571,Q4,completed,2025-08-09T19:43:01.579335
E01001666,Greenwich,100,6.608703613,4.022216797,7.417231083,0.0,28.08227539,0.549316406,10.20812988,25.344,Q3,completed,2025-08-09T20:14:57.276691
E01001705,Greenwich,100,7.992614746,4.437255859,9.603225708,0.0,50.86669922,1.406860352,12.14141846,32.594,Q4,completed,2025-08-09T19:56:19.112422
E01001710,Greenwich,100,10.71307373,8.435058594,9.700984955,0.0,46.08154297,2.597045898,17.19360352,33.511,Q4,completed,2025-08-09T19:57:35.630362
E01001715,Hackney,100,10.07629395,5.990600586,12.96359062,0.0,72.11914063,3.060913086,9.771728516,28.349,Q4,completed,2025-08-09T19:34:15.853689
E01001719,Hackney,100,25.36968994,24.50561523,16.73135567,0.0,67.30957031,12.67242432,34.41619873,35.72,Q5_Most,completed,2025-08-09T19:34:53.307835
E01001799,Hackney,100,7.443969727,1.751708984,9.447746277,0.0,32.21435547,0.0,14.40582275,26.539,Q3,completed,2025-08-09T19:33:38.499366
E01001830,Hackney,100,7.229064941,4.022216797,7.984323502,0.0,30.17578125,0.016784668,12.39471436,32.425,Q4,completed,2025-08-09T19:54:53.362209
E01001835,Hackney,66,8.532714844,2.185058594,12.78282547,0.0,57.8125,0.34942627,12.08343506,21.313,Q3,completed,2025-08-09T20:12:28.806768
E01001836,Hackney,100,20.50964355,16.86401367,19.89351082,0.006103516,85.13793945,3.733825684,30.57098389,26.182,Q3,completed,2025-08-09T20:13:12.780922
E01001851,Hammersmith and Fulham,100,15.87878418,16.20788574,9.686253548,0.067138672,37.29858398,8.17565918,23.67248535,13.267,Q1_Least,completed,2025-08-09T20:00:50.254121
E01001866,Hammersmith and Fulham,100,11.19445801,8.111572266,10.32594013,0.0,42.66357422,2.25982666,17.3538208,14.104,Q1_Least,completed,2025-08-09T19:35:32.871252
E01001888,Hammersmith and Fulham,100,5.536804199,1.889038086,8.670091629,0.0,57.98339844,0.260925293,6.771850586,10.795,Q1_Least,completed,2025-08-09T19:52:19.817648
E01001890,Hammersmith and Fulham,100,17.88336182,18.64013672,12.56244373,0.0,48.27880859,8.276367188,26.46636963,13.675,Q1_Least,completed,2025-08-09T19:53:01.910964
E01001911,Hammersmith and Fulham,100,6.535644531,2.459716797,8.664039612,0.0,42.21191406,1.373291016,8.258056641,34.648,Q5_Most,completed,2025-08-09T19:38:17.365549
E01001958,Hammersmith and Fulham,100,14.61907959,11.0534668,12.29033756,0.0,57.56225586,4.922485352,22.77832031,38.666,Q5_Most,completed,2025-08-09T19:05:08.192674
E01001959,Hammersmith and Fulham,100,11.7822876,8.679199219,11.6868906,0.0,53.66210938,2.429199219,17.48199463,40.084,Q5_Most,completed,2025-08-09T19:28:45.604812
E01001961,Hammersmith and Fulham,100,20.64276123,16.04309082,18.08210945,0.0,87.01171875,9.309387207,27.70996094,41.84,Q5_Most,completed,2025-08-09T19:32:22.518604
E01002701,Islington,100,4.575195313,0.244140625,7.112375736,0.0,22.87597656,0.0,8.465576172,27.789,Q4,completed,2025-08-09T19:37:37.607604
E01002706,Islington,100,10.4284668,6.750488281,11.68784618,0.0,44.6105957,0.268554688,18.57910156,24.912,Q3,completed,2025-08-09T19:30:32.508378
E01002707,Islington,100,20.14453125,20.30029297,16.10783577,0.0,63.77563477,2.433776855,27.90679932,25.684,Q3,completed,2025-08-09T19:33:55.718588
E01002723,Islington,100,33.15722656,37.6953125,17.53923988,1.135253906,67.02880859,18.12133789,45.87249756,28.536,Q4,completed,2025-08-09T19:50:51.923458
E01002725,Islington,100,20.1015625,10.9161377,20.37681007,0.0,68.75610352,3.219604492,32.48596191,29.084,Q4,completed,2025-08-09T19:04:47.894233
E01002727,Islington,100,34.05657959,31.94885254,25.08612251,0.0,92.66357422,12.07122803,51.80969238,26.051,Q3,completed,2025-08-09T19:04:11.505445
E01002728,Islington,100,17.16760254,9.1796875,17.42246437,0.0,71.02661133,1.817321777,30.35736084,27.235,Q3,completed,2025-08-09T19:27:45.639198
E01002730,Islington,100,6.87487793,2.017211914,10.52311611,0.0,47.88818359,0.442504883,7.891845703,30.4,Q4,completed,2025-08-09T19:28:06.004549
E01002735,Islington,100,9.826171875,5.444335938,13.30327225,0.0,63.31176758,1.46484375,11.96594238,33.51,Q4,completed,2025-08-09T19:31:39.270510
E01002738,Islington,100,24.30200195,20.5657959,18.69041061,0.0,84.11254883,11.5814209,32.2479248,24.682,Q3,completed,2025-08-09T19:44:08.165658
E01002742,Islington,100,8.082458496,4.901123047,9.029076576,0.0,38.79394531,1.095581055,12.28485107,15.801,Q2,completed,2025-08-09T19:33:23.149412
E01002747,Islington,80,7.728729248,5.526733398,7.600649834,0.0,30.86547852,1.39465332,11.80114746,13.325,Q1_Least,completed,2025-08-09T20:37:12.529030
E01002749,Islington,100,5.798339844,3.884887695,6.339261055,0.0,30.45654297,0.917053223,8.540344238,22.829,Q3,completed,2025-08-09T19:45:24.642550
E01002752,Islington,100,16.09838867,14.99938965,14.29309654,0.0,47.65625,1.420593262,29.5791626,22.426,Q3,completed,2025-08-09T19:46:57.253083
E01002756,Islington,100,45.69036484,48.28796387,18.90888023,0.0,85.02807617,36.81945801,58.03222656,27.776,Q4,completed,2025-08-09T19:47:28.914503
E01002762,Islington,100,22.78686523,19.0246582,15.62756634,0.0,67.08984375,12.67242432,29.15802002,20.717,Q2,completed,2025-08-09T19:03:34.094448
E01002763,Islington,100,18.35186768,15.97595215,13.29448128,0.0,67.08984375,7.806396484,26.06506348,33.113,Q4,completed,2025-08-09T19:49:18.148443
E01002769,Islington,100,15.12530518,12.44506836,10.99415112,0.415039063,47.83935547,6.376647949,21.81091309,20.118,Q2,completed,2025-08-09T19:06:13.765708
E01002779,Islington,100,7.557678223,1.251220703,10.50876713,0.0,35.16235352,0.096130371,12.46643066,18.595,Q2,completed,2025-08-09T19:27:07.693380
E01002789,Islington,80,13.63471985,12.04528809,10.7341032,0.0,44.27490234,4.57611084,21.1151123,13.703,Q1_Least,completed,2025-08-09T20:38:32.570916
E01002818,Kensington and Chelsea,100,6.218139648,0.87890625,10.74957466,0.0,43.87207031,0.064086914,6.06842041,12.656,Q1_Least,completed,2025-08-09T19:35:54.033322
E01002824,Kensington and Chelsea,100,37.95159912,33.91418457,23.71647835,0.0,93.54858398,25.52185059,54.51660156,10.045,Q1_Least,completed,2025-08-09T19:03:13.266242
E01002825,Kensington and Chelsea,100,11.65838623,8.242797852,11.20203876,0.0,55.81665039,4.049682617,15.93933105,9.697,Q1_Least,completed,2025-08-09T19:05:29.128737
E01002826,Kensington and Chelsea,100,16.55279541,9.64050293,18.61480331,0.0,82.67211914,1.428222656,24.84283447,10.756,Q1_Least,completed,2025-08-09T19:26:28.972780
E01002827,Kensington and Chelsea,100,15.19433594,9.866333008,14.61658001,0.0,71.72851563,2.510070801,25.9262085,12.075,Q1_Least,completed,2025-08-09T19:29:28.534312
E01002835,Kensington and Chelsea,100,9.785705566,8.139038086,8.201453209,0.0,36.49291992,2.450561523,15.24353027,10.461,Q1_Least,completed,2025-08-09T19:43:28.004661
E01002836,Kensington and Chelsea,100,4.981994629,0.848388672,6.632675171,0.0,28.22875977,0.0,8.526611328,11.093,Q1_Least,completed,2025-08-09T19:45:06.588443
E01002837,Kensington and Chelsea,100,7.685424805,5.944824219,6.795581341,0.079345703,41.74194336,2.099609375,13.21868896,13.106,Q1_Least,completed,2025-08-09T19:46:23.819809
E01002848,Kensington and Chelsea,100,10.93377686,4.467773438,14.82157707,0.0,76.76391602,0.422668457,17.11730957,29.533,Q4,completed,2025-08-09T19:50:36.158602
E01002880,Kensington and Chelsea,100,7.428955078,3.820800781,9.899303436,0.0,58.46557617,1.815795898,7.99407959,44.248,Q5_Most,completed,2025-08-09T19:35:11.760884
E01002893,Kensington and Chelsea,100,7.550842285,3.060913086,10.23012543,0.0,43.98193359,0.160217285,10.27526855,21.771,Q3,completed,2025-08-09T19:48:41.951551
E01002899,Kensington and Chelsea,100,5.743835449,3.674316406,6.235425949,0.0,27.05688477,0.505065918,9.300231934,21.45,Q3,completed,2025-08-09T19:50:17.646688
E01002912,Kensington and Chelsea,100,10.18640137,6.948852539,9.358546257,0.0,37.98217773,2.659606934,16.16821289,13.905,Q1_Least,completed,2025-08-09T19:48:09.099323
E01002914,Kensington and Chelsea,100,14.1975708,10.7208252,13.01273155,0.0,79.07104492,5.018615723,18.8583374,8.875,Q1_Least,completed,2025-08-09T19:49:42.760777
E01003032,Lambeth,100,25.38598633,14.86816406,26.68757248,0.0,94.59228516,0.581359863,46.45385742,31.549,Q4,completed,2025-08-09T19:57:20.782833
E01003039,Lambeth,100,26.23168945,7.455444336,30.68711853,0.0,97.82104492,0.378417969,47.4899292,10.643,Q1_Least,completed,2025-08-09T19:55:37.425815
E01003100,Lambeth,100,16.52148438,13.3392334,15.02697754,0.0,69.17114258,5.111694336,25.50354004,16.907,Q2,completed,2025-08-09T19:30:13.038983
E01003109,Lambeth,100,7.781494141,4.595947266,9.56662941,0.0,53.90625,0.772094727,9.991455078,27.59,Q4,completed,2025-08-09T19:34:37.668543
E01003113,Lambeth,100,34.40350342,25.49743652,29.21896172,0.0,90.51513672,8.711242676,60.07080078,23.176,Q3,completed,2025-08-09T19:42:42.794788
E01003122,Lambeth,80,11.27716064,4.629516602,13.17148304,0.0,51.22680664,0.073242188,20.30487061,25.76,Q3,completed,2025-08-09T20:38:04.527000
E01003127,Lambeth,80,13.88977051,7.250976563,13.61475277,0.0,51.72119141,2.722167969,22.35107422,26.097,Q3,completed,2025-08-09T20:39:31.550477
E01003137,Lambeth,100,30.0222168,30.5847168,14.65701389,2.923583984,65.5090332,18.64471436,40.68603516,29.29,Q4,completed,2025-08-09T19:45:44.948469
E01003162,Lambeth,100,30.8604126,30.859375,12.70880127,6.005859375,81.50024414,22.27630615,37.00256348,27.304,Q3,completed,2025-08-09T19:48:27.958812
E01003169,Lambeth,100,24.5668335,23.35205078,17.95684624,0.0,92.37060547,10.13641357,34.54742432,23.435,Q3,completed,2025-08-09T19:50:02.674677
E01003170,Lambeth,80,26.69776917,26.74560547,12.77749729,2.166748047,67.76733398,18.36090088,33.73718262,12.457,Q1_Least,completed,2025-08-09T21:33:04.932805
E01003179,Lambeth,91,28.20763206,28.80249023,10.61454964,0.549316406,55.98144531,21.80175781,33.82568359,30.956,Q4,completed,2025-08-09T19:53:36.071032
E01003200,Lewisham,80,20.07507324,11.50817871,20.87636566,0.103759766,77.17895508,6.854248047,24.06768799,11.58,Q1_Least,completed,2025-08-09T20:44:36.774190
E01003202,Lewisham,80,15.70602417,18.24035645,11.99747562,0.0,39.29443359,2.632141113,26.02386475,9.192,Q1_Least,completed,2025-08-09T20:45:04.259458
E01003206,Lewisham,80,18.41644287,15.80810547,11.55347347,1.190185547,56.26831055,10.4675293,25.46691895,14.285,Q1_Least,completed,2025-08-09T21:32:41.551572
E01003221,Lewisham,100,11.19256592,11.1907959,8.924787521,0.0,34.12475586,1.902770996,16.54663086,31.619,Q4,completed,2025-08-09T19:51:58.127445
E01003222,Lewisham,80,15.60089111,12.10327148,13.53439713,0.689697266,64.54467773,4.823303223,21.2020874,22.103,Q3,completed,2025-08-09T20:41:08.402546
E01003229,Lewisham,100,11.11810303,5.88684082,15.28133869,0.0,75.84838867,2.616882324,13.9755249,32.515,Q4,completed,2025-08-09T19:52:43.210068
E01003230,Lewisham,80,14.81681824,11.70043945,12.46278763,0.0,48.46191406,5.627441406,24.93896484,21.999,Q3,completed,2025-08-09T20:39:12.656113
E01003231,Lewisham,80,13.85231018,4.046630859,17.36623001,0.0,59.44213867,1.560974121,26.69372559,23.637,Q3,completed,2025-08-09T20:37:48.567767
E01003240,Lewisham,96,2.55616498,1.162719727,2.87174058,0.0,11.23657227,0.219726563,4.531860352,32.442,Q4,completed,2025-08-09T19:55:57.751741
E01003343,Lewisham,100,7.396179199,5.59387207,6.862783432,0.0,32.36083984,1.512145996,11.60125732,21.817,Q3,completed,2025-08-09T20:14:33.602556
E01003926,Southwark,100,9.858337402,4.550170898,12.04644203,0.0,48.84643555,0.520324707,14.42260742,31.441,Q4,completed,2025-08-09T19:04:28.281285
E01003929,Southwark,100,2.146484375,0.0,4.460264683,0.0,17.98095703,0.0,0.823974609,22.973,Q3,completed,2025-08-09T19:51:41.857615
E01003936,Southwark,100,16.7543335,16.19873047,14.15406227,0.0,83.66699219,7.690429688,21.92382813,14.247,Q1_Least,completed,2025-08-09T19:42:03.753775
E01003937,Southwark,100,11.94909668,5.972290039,15.36508179,0.0,76.88598633,0.09765625,17.3324585,24.291,Q3,completed,2025-08-09T19:03:52.024036
E01003966,Southwark,91,10.66800594,9.222412109,8.199774742,0.024414063,40.69824219,4.12902832,14.96887207,33.346,Q4,completed,2025-08-09T19:47:10.545423
E01003976,Southwark,100,9.50982666,5.706787109,11.02632427,0.0,43.89038086,0.83770752,13.96331787,30.428,Q4,completed,2025-08-09T19:49:02.945587
E01003979,Southwark,100,9.339233398,5.810546875,8.517637253,0.0,33.64868164,2.569580078,14.07470703,29.514,Q4,completed,2025-08-09T19:53:52.867754
E01003990,Southwark,100,30.92474365,28.79943848,18.48080635,1.928710938,73.93188477,14.93682861,44.03533936,31.077,Q4,completed,2025-08-09T19:58:13.115181
E01003998,Southwark,100,20.58544922,18.11218262,11.84125614,0.0,49.2980957,11.62109375,30.03082275,25.146,Q3,completed,2025-08-09T19:43:48.357112
E01004022,Southwark,100,17.07635498,12.02697754,15.39540291,0.0,79.89501953,5.599975586,24.1897583,24.603,Q3,completed,2025-08-09T19:46:45.278762
E01004051,Southwark,80,26.69578552,26.11083984,14.05213928,0.0,54.93774414,17.12341309,38.80767822,9.731,Q1_Least,completed,2025-08-09T21:33:27.569653
E01004054,Southwark,100,35.75354004,45.76721191,26.52098846,0.0,72.10693359,0.077819824,58.79821777,8.354,Q1_Least,completed,2025-08-09T20:12:18.854522
E01004061,Southwark,80,7.621917725,3.628540039,9.425761223,0.0,34.8815918,0.045776367,12.84942627,21.531,Q3,completed,2025-08-09T20:40:28.207260
E01004069,Southwark,100,38.37237549,37.57019043,14.48763466,5.737304688,78.65600586,28.11737061,47.59216309,9.326,Q1_Least,completed,2025-08-09T19:51:11.098134
E01004070,Southwark,80,36.13861084,31.91223145,17.71882248,7.861328125,78.16162109,23.00567627,48.27270508,13.134,Q1_Least,completed,2025-08-09T20:35:20.596980
E01004075,Southwark,100,45.41730118,44.43969727,15.36819744,15.18554688,77.28881836,33.32672119,56.82373047,8.625,Q1_Least,completed,2025-08-09T19:47:49.566626
E01004216,Tower Hamlets,100,30.19165039,29.98046875,14.85151577,1.251220703,63.72680664,18.82324219,40.13214111,14.112,Q1_Least,completed,2025-08-09T19:54:10.635253
E01004223,Tower Hamlets,100,31.46691895,22.37243652,27.59315681,0.0,94.42138672,6.680297852,52.37579346,35.516,Q5_Most,completed,2025-08-09T19:32:02.016585
E01004246,Tower Hamlets,100,8.21081543,7.995605469,7.234742641,0.0,29.81567383,2.244567871,10.90087891,29.919,Q4,completed,2025-08-09T19:31:17.225607
E01004292,Tower Hamlets,80,9.678421021,3.186035156,11.67704391,0.0,46.59423828,0.175476074,19.63348389,7.73,Q1_Least,completed,2025-08-09T20:44:02.893468
E01004295,Tower Hamlets,100,14.10467529,15.07263184,9.525602341,0.0,34.72290039,4.371643066,21.27532959,31.081,Q4,completed,2025-08-09T19:55:13.826506
E01004313,Tower Hamlets,100,14.54119873,4.620361328,18.42083931,0.0,63.65966797,0.59967041,25.88806152,24.564,Q3,completed,2025-08-09T19:27:25.063603
E01004472,Wandsworth,100,14.11669922,7.901000977,17.63419342,0.0,77.734375,0.807189941,19.37713623,9.879,Q1_Least,completed,2025-08-09T20:12:50.035169
E01004473,Wandsworth,70,8.949410439,1.397705078,14.01734638,0.0,77.734375,0.0,14.10369873,11.875,Q1_Least,completed,2025-08-09T20:12:08.255602
E01004517,Wandsworth,100,24.94500732,17.07458496,23.53212166,0.0,82.97119141,5.416870117,43.06030273,14.927,Q2,completed,2025-08-09T19:26:50.542122
E01004538,Wandsworth,80,17.36671448,15.91796875,16.78706551,0.0,82.51342773,5.120849609,22.72033691,25.102,Q3,completed,2025-08-09T20:42:37.157438
E01004539,Wandsworth,100,9.157531738,6.945800781,9.210250854,0.0,35.83984375,0.96282959,13.82904053,34.145,Q5_Most,completed,2025-08-09T19:28:25.893626
E01004540,Wandsworth,100,9.076171875,5.215454102,11.39347172,0.0,59.15527344,0.47454834,13.56506348,26.388,Q3,completed,2025-08-09T20:13:31.715179
E01004545,Wandsworth,100,15.43151855,6.964111328,19.56869316,0.0,87.45117188,0.166320801,27.01263428,10.551,Q1_Least,completed,2025-08-09T19:44:48.482527
E01004555,Wandsworth,100,61.91241074,63.11035156,13.39041805,22.55249023,81.53686523,57.43255615,71.05560303,4.844,Q1_Least,completed,2025-08-09T19:46:05.772850
E01004584,Wandsworth,100,21.68493652,22.16796875,10.70868969,0.0,49.46899414,14.22729492,28.79333496,32.114,Q4,completed,2025-08-09T20:00:22.205500
E01004594,Wandsworth,100,12.70690918,10.84289551,10.41763878,0.042724609,46.39282227,3.472900391,19.56481934,5.248,Q1_Least,completed,2025-08-09T20:14:14.051572
E01004600,Wandsworth,100,11.83203125,8.563232422,12.8324585,0.0,70.91064453,1.745605469,17.10510254,27.898,Q4,completed,2025-08-09T19:59:41.976127
E01004613,Wandsworth,86,2.020263672,0.286865234,4.876848698,0.0,31.39038086,0.016784668,1.45111084,32.542,Q4,completed,2025-08-09T19:58:55.253815
E01004639,Wandsworth,100,16.12011719,15.69213867,9.250423431,1.135253906,49.1394043,9.352111816,21.71936035,10.4,Q1_Least,completed,2025-08-09T19:29:06.286659
E01004644,Wandsworth,100,19.81188965,17.72460938,10.44678497,3.485107422,50.79345703,11.32965088,25.83312988,18.179,Q2,completed,2025-08-09T19:36:34.993925
E01004650,Westminster,80,34.0940094,38.04321289,13.91874886,1.452636719,55.70068359,25.90484619,45.07293701,5.964,Q1_Least,completed,2025-08-09T20:43:12.076254
E01004653,Westminster,80,12.5453186,5.548095703,14.39052486,0.0,57.2265625,0.0,23.01330566,10.84,Q1_Least,completed,2025-08-09T20:42:00.000712
E01004654,Westminster,100,0.865600586,0.0,3.533792734,0.0,25.54321289,0.0,0.131225586,12.798,Q1_Least,completed,2025-08-09T19:53:17.737495
E01004656,Westminster,80,10.16532898,3.283691406,14.84303474,0.0,64.31884766,0.553894043,10.60638428,23.605,Q3,completed,2025-08-09T20:42:20.256887
E01004663,Westminster,100,3.319335938,0.55847168,5.714488506,0.0,32.87353516,0.0,4.513549805,17.986,Q2,completed,2025-08-09T19:05:52.600567
E01004680,Westminster,80,18.01773071,13.29650879,16.97329521,0.0,66.83349609,3.57208252,26.05285645,11.027,Q1_Least,completed,2025-08-09T20:38:54.232594
E01004681,Westminster,100,10.30249023,3.677368164,13.67975235,0.0,52.17895508,0.068664551,15.1260376,12.054,Q1_Least,completed,2025-08-09T20:17:43.652419
E01004682,Westminster,80,15.938797,13.28735352,15.23544216,0.0,50.34790039,0.152587891,26.64794922,14.246,Q1_Least,completed,2025-08-09T20:37:33.102533
E01004684,Westminster,100,9.34387207,2.386474609,13.75487709,0.0,71.52099609,0.004577637,12.4130249,21.313,Q3,completed,2025-08-09T19:41:03.108760
E01004701,Westminster,100,30.17889404,35.18981934,15.77064228,0.0,58.06274414,14.91241455,41.92199707,9.41,Q1_Least,completed,2025-08-09T19:38:48.976497
E01004711,Westminster,80,36.43119812,38.35449219,11.85779285,3.411865234,58.95385742,27.09960938,44.31915283,24.274,Q3,completed,2025-08-09T20:41:23.345586
E01004712,Westminster,100,6.124450684,1.684570313,8.881905556,0.0,35.96801758,0.068664551,8.815002441,11.061,Q1_Least,completed,2025-08-09T20:17:20.976665
E01004714,Westminster,100,3.92388916,1.82800293,4.829200745,0.0,17.31567383,0.247192383,6.632995605,10.268,Q1_Least,completed,2025-08-09T19:26:07.547471
E01004726,Westminster,100,26.87493896,26.48925781,17.71681404,0.0,81.23779297,13.55133057,37.86773682,9.4,Q1_Least,completed,2025-08-09T19:40:16.787506
E01004731,Westminster,100,17.81555176,11.38305664,19.05487251,0.0,66.24145508,0.869750977,28.25317383,10.008,Q1_Least,completed,2025-08-09T20:15:56.679359
E01004763,Westminster,100,2.835021973,0.103759766,5.653643131,0.0,24.74365234,0.0,2.079772949,23.381,Q3,completed,2025-08-09T19:30:58.023678
E01032775,Tower Hamlets,100,10.82312012,9.146118164,11.22822189,0.0,65.68603516,1.821899414,16.32843018,9.375,Q1_Least,completed,2025-08-09T20:15:29.319129
E01032781,Tower Hamlets,100,12.80712891,3.469848633,18.8725853,0.0,90.55786133,0.038146973,18.58673096,12.666,Q1_Least,completed,2025-08-09T20:14:01.068901
E01032834,Southwark,68,14.12829208,10.39733887,12.39637184,0.109863281,37.39624023,3.211975098,25.36315918,9.09,Q1_Least,completed,2025-08-09T20:40:07.901574
E01033099,Wandsworth,100,15.06188965,8.758544922,18.03316116,0.0,77.27050781,2.093505859,21.10443115,21.195,Q3,completed,2025-08-09T20:18:06.002782
E01033100,Wandsworth,80,8.688964844,2.615356445,12.69277382,0.0,53.23486328,0.019836426,11.6317749,27.088,Q3,completed,2025-08-09T20:36:33.837196
E01033743,Greenwich,100,21.90142822,17.60864258,16.90224075,0.0,70.703125,9.178161621,30.9967041,20.968,Q3,completed,2025-08-09T20:16:20.342776
E01000842,Camden,80,29.19,29.19,10.0,14.190000000000001,44.19,24.19,34.19,8.523,Q1_Least,completed,2025-08-09 22:44:31
E01000843,Camden,80,24.17,24.17,10.0,9.170000000000002,39.17,19.17,29.17,13.567,Q2,completed,2025-08-09 22:44:46
E01000844,Camden,80,21.34,21.34,10.0,6.34,36.34,16.34,26.34,9.797,Q1_Least,completed,2025-08-09 22:44:55
E01000845,Camden,80,33.43,33.43,10.0,18.43,48.43,28.43,38.43,11.305,Q2,completed,2025-08-09 22:45:03
E01000846,Camden,80,38.39,38.39,10.0,23.39,53.39,33.39,43.39,22.13,Q3,completed,2025-08-09 22:45:12
E01000847,Camden,80,23.37,23.37,10.0,8.370000000000001,38.370000000000005,18.37,28.37,17.13,Q2,completed,2025-08-09 22:45:25
E01000848,Camden,80,27.41,27.41,10.0,12.41,42.41,22.41,32.41,6.035,Q1_Least,completed,2025-08-09 22:45:43
E01000849,Camden,80,22.79,22.79,10.0,7.789999999999999,37.79,17.79,27.79,7.694,Q1_Least,completed,2025-08-09 22:46:07
E01000850,Camden,80,9.66,9.66,10.0,-5.34,24.66,4.66,14.66,14.252,Q2,completed,2025-08-09 22:46:32
E01000851,Camden,80,9.2,9.2,10.0,-5.800000000000001,24.2,4.199999999999999,14.2,14.959,Q2,completed,2025-08-09 22:46:57
E01000852,Camden,80,14.14,14.14,10.0,-0.8599999999999994,29.14,9.14,19.14,14.633,Q2,completed,2025-08-09 22:47:23
E01000853,Camden,80,11.86,11.86,10.0,-3.1400000000000006,26.86,6.859999999999999,16.86,30.826,Q4,completed,2025-08-09 22:47:47
E01000854,Camden,80,11.43,11.43,10.0,-3.5700000000000003,26.43,6.43,16.43,15.832,Q2,completed,2025-08-09 22:48:07
E01000855,Camden,80,11.15,11.15,10.0,-3.8499999999999996,26.15,6.15,16.15,14.66,Q2,completed,2025-08-09 22:48:28
E01000856,Camden,80,11.8,11.8,10.0,-3.1999999999999993,26.8,6.800000000000001,16.8,31.404,Q4,completed,2025-08-09 22:48:59
E01000857,Camden,80,10.97,10.97,10.0,-4.029999999999999,25.97,5.970000000000001,15.97,14.85,Q2,completed,2025-08-09 22:49:17
E01000858,Camden,80,11.36,11.36,10.0,-3.6400000000000006,26.36,6.359999999999999,16.36,37.66,Q5_Most,completed,2025-08-09 22:49:41
E01000859,Camden,80,14.56,14.56,10.0,-0.4399999999999995,29.560000000000002,9.56,19.560000000000002,7.224,Q1_Least,completed,2025-08-09 22:50:04
E01000860,Camden,80,26.89,26.89,10.0,11.89,41.89,21.89,31.89,17.703,Q3,completed,2025-08-09 22:50:25
E01000861,Camden,80,11.42,11.42,10.0,-3.58,26.42,6.42,16.42,33.498,Q5_Most,completed,2025-08-09 22:50:51
E01000862,Camden,80,15.52,15.52,10.0,0.5199999999999996,30.52,10.52,20.52,10.864,Q2,completed,2025-08-09 22:51:14
E01000863,Camden,80,6.69,6.69,10.0,-8.309999999999999,21.69,1.6900000000000004,11.690000000000001,34.37,Q5_Most,completed,2025-08-09 22:51:36
E01000864,Camden,80,8.33,8.33,10.0,-6.67,23.33,3.33,13.33,17.932,Q3,completed,2025-08-09 22:52:01
E01000866,Camden,80,11.43,11.43,10.0,-3.5700000000000003,26.43,6.43,16.43,22.434,Q3,completed,2025-08-09 22:52:23
E01000867,Camden,80,13.54,13.54,10.0,-1.4600000000000009,28.54,8.54,18.54,28.4,Q4,completed,2025-08-09 22:52:43
E01000868,Camden,80,6.51,6.51,10.0,-8.49,21.509999999999998,1.5099999999999998,11.51,39.291,Q5_Most,completed,2025-08-09 22:53:05
E01000869,Camden,80,10.22,10.22,10.0,-4.779999999999999,25.22,5.220000000000001,15.22,22.144,Q3,completed,2025-08-09 22:53:28
E01000870,Camden,80,9.72,9.72,10.0,-5.279999999999999,24.72,4.720000000000001,14.72,26.832,Q4,completed,2025-08-09 22:53:49
E01000872,Camden,80,24.11,24.11,10.0,9.11,39.11,19.11,29.11,24.312,Q4,completed,2025-08-09 22:54:05
E01000875,Camden,80,33.85,33.85,10.0,18.85,48.85,28.85,38.85,21.838,Q3,completed,2025-08-09 22:54:19
E01000876,Camden,80,43.64,43.64,10.0,28.64,58.64,38.64,48.64,29.94,Q4,completed,2025-08-09 22:54:31
E01000882,Camden,80,34.51,34.51,10.0,19.509999999999998,49.51,29.509999999999998,39.51,4.319,Q1_Least,completed,2025-08-09 22:54:43
E01000884,Camden,80,19.44,19.44,10.0,4.440000000000001,34.44,14.440000000000001,24.44,5.273,Q1_Least,completed,2025-08-09 22:54:59
E01000885,Camden,80,31.13,31.13,10.0,16.13,46.129999999999995,26.13,36.129999999999995,7.027,Q1_Least,completed,2025-08-09 22:55:10
E01000886,Camden,80,17.12,17.12,10.0,2.120000000000001,32.120000000000005,12.120000000000001,22.12,9.126,Q1_Least,completed,2025-08-09 22:55:31
E01000887,Camden,80,19.34,19.34,10.0,4.34,34.34,14.34,24.34,13.063,Q2,completed,2025-08-09 22:55:52
E01000888,Camden,80,17.56,17.56,10.0,2.5599999999999987,32.56,12.559999999999999,22.56,14.584,Q2,completed,2025-08-09 22:56:13
E01000889,Camden,80,12.6,12.6,10.0,-2.4000000000000004,27.6,7.6,17.6,30.868,Q4,completed,2025-08-09 22:56:35
E01000890,Camden,80,14.39,14.39,10.0,-0.6099999999999994,29.39,9.39,19.39,40.883,Q5_Most,completed,2025-08-09 22:56:55
E01000891,Camden,80,14.21,14.21,10.0,-0.7899999999999991,29.21,9.21,19.21,38.283,Q5_Most,completed,2025-08-09 22:57:10
E01000892,Camden,80,19.61,19.61,10.0,4.609999999999999,34.61,14.61,24.61,15.799,Q2,completed,2025-08-09 22:57:25
E01000893,Camden,80,55.41,55.41,10.0,40.41,70.41,50.41,60.41,5.314,Q1_Least,completed,2025-08-09 22:57:49
E01000894,Camden,80,30.82,30.82,10.0,15.82,45.82,25.82,35.82,6.601,Q1_Least,completed,2025-08-09 22:58:10
E01000897,Camden,80,32.16,32.16,10.0,17.159999999999997,47.16,27.159999999999997,37.16,5.398,Q1_Least,completed,2025-08-09 22:58:30
E01000898,Camden,80,28.15,28.15,10.0,13.149999999999999,43.15,23.15,33.15,11.81,Q2,completed,2025-08-09 22:58:45
E01000899,Camden,80,40.54,40.54,10.0,25.54,55.54,35.54,45.54,5.971,Q1_Least,completed,2025-08-09 22:59:08
E01000900,Camden,80,14.73,14.73,10.0,-0.2699999999999996,29.73,9.73,19.73,26.042,Q4,completed,2025-08-09 22:59:33
E01000901,Camden,80,16.7,16.7,10.0,1.6999999999999993,31.7,11.7,21.7,30.351,Q4,completed,2025-08-09 22:59:53
E01000902,Camden,80,12.47,12.47,10.0,-2.5299999999999994,27.47,7.470000000000001,17.47,36.241,Q5_Most,completed,2025-08-09 23:00:17
E01000903,Camden,80,14.27,14.27,10.0,-0.7300000000000004,29.27,9.27,19.27,18.925,Q3,completed,2025-08-09 23:00:30
E01000904,Camden,80,13.87,13.87,10.0,-1.1300000000000008,28.869999999999997,8.87,18.869999999999997,24.584,Q4,completed,2025-08-09 23:00:52
E01000905,Camden,80,11.38,11.38,10.0,-3.619999999999999,26.380000000000003,6.380000000000001,16.380000000000003,38.075,Q5_Most,completed,2025-08-09 23:01:11
E01000906,Camden,80,12.64,12.64,10.0,-2.3599999999999994,27.64,7.640000000000001,17.64,10.421,Q1_Least,completed,2025-08-09 23:01:28
E01000907,Camden,80,21.92,21.92,10.0,6.920000000000002,36.92,16.92,26.92,33.796,Q5_Most,completed,2025-08-09 23:01:46
E01000908,Camden,80,30.7,30.7,10.0,15.7,45.7,25.7,35.7,27.211,Q4,completed,2025-08-09 23:02:07
E01000909,Camden,80,46.18,46.18,10.0,31.18,61.18,41.18,51.18,11.771,Q2,completed,2025-08-09 23:02:31
E01000910,Camden,80,29.85,29.85,10.0,14.850000000000001,44.85,24.85,34.85,9.73,Q1_Least,completed,2025-08-09 23:02:48
E01000911,Camden,80,17.06,17.06,10.0,2.0599999999999987,32.06,12.059999999999999,22.06,16.959,Q2,completed,2025-08-09 23:03:04
E01000913,Camden,80,47.1,47.1,10.0,32.1,62.1,42.1,52.1,9.279,Q1_Least,completed,2025-08-09 23:03:24
E01000914,Camden,80,8.74,8.74,10.0,-6.26,23.740000000000002,3.74,13.74,13.106,Q2,completed,2025-08-09 23:03:49
E01000916,Camden,80,2.28,2.28,10.0,-12.72,17.28,-2.72,7.279999999999999,19.491,Q3,completed,2025-08-09 23:04:14
E01000917,Camden,80,5.27,5.27,10.0,-9.73,20.27,0.2699999999999996,10.27,34.957,Q5_Most,completed,2025-08-09 23:04:39
E01000918,Camden,80,9.48,9.48,10.0,-5.52,24.48,4.48,14.48,20.684,Q3,completed,2025-08-09 23:05:00
E01000920,Camden,80,7.31,7.31,10.0,-7.69,22.31,2.3099999999999996,12.309999999999999,15.017,Q2,completed,2025-08-09 23:05:26
E01000921,Camden,80,10.63,10.63,10.0,-4.369999999999999,25.630000000000003,5.630000000000001,15.63,15.197,Q2,completed,2025-08-09 23:05:51
E01000923,Camden,80,13.38,13.38,10.0,-1.6199999999999992,28.380000000000003,8.38,18.380000000000003,19.37,Q3,completed,2025-08-09 23:06:12
E01000924,Camden,80,18.65,18.65,10.0,3.6499999999999986,33.65,13.649999999999999,23.65,13.294,Q2,completed,2025-08-09 23:06:35
E01000925,Camden,80,20.64,20.64,10.0,5.640000000000001,35.64,15.64,25.64,29.369,Q4,completed,2025-08-09 23:06:54
E01000926,Camden,80,12.96,12.96,10.0,-2.039999999999999,27.96,7.960000000000001,17.96,17.412,Q3,completed,2025-08-09 23:07:17
E01000927,Camden,80,7.25,7.25,10.0,-7.75,22.25,2.25,12.25,14.937,Q2,completed,2025-08-09 23:07:42
E01000928,Camden,80,8.46,8.46,10.0,-6.539999999999999,23.46,3.460000000000001,13.46,20.295,Q3,completed,2025-08-09 23:08:01
E01000931,Camden,80,3.06,3.06,10.0,-11.94,18.06,-1.94,8.06,34.552,Q5_Most,completed,2025-08-09 23:08:18
E01000932,Camden,80,11.2,11.2,10.0,-3.8000000000000007,26.2,6.199999999999999,16.2,20.043,Q3,completed,2025-08-09 23:08:32
E01000933,Camden,80,20.56,20.56,10.0,5.559999999999999,35.56,15.559999999999999,25.56,25.739,Q4,completed,2025-08-09 23:08:46
E01000934,Camden,80,29.99,29.99,10.0,14.989999999999998,44.989999999999995,24.99,34.989999999999995,35.446,Q5_Most,completed,2025-08-09 23:09:00
E01000935,Camden,80,21.81,21.81,10.0,6.809999999999999,36.81,16.81,26.81,32.327,Q5_Most,completed,2025-08-09 23:09:10
E01000936,Camden,80,6.29,6.29,10.0,-8.71,21.29,1.29,11.29,21.454,Q3,completed,2025-08-09 23:09:33
E01000938,Camden,80,10.65,10.65,10.0,-4.35,25.65,5.65,15.65,33.666,Q5_Most,completed,2025-08-09 23:09:58
E01000939,Camden,80,9.33,9.33,10.0,-5.67,24.33,4.33,14.33,39.074,Q5_Most,completed,2025-08-09 23:10:21
E01000940,Camden,80,11.08,11.08,10.0,-3.92,26.08,6.08,16.08,19.688,Q3,completed,2025-08-09 23:10:45
E01000941,Camden,80,10.86,10.86,10.0,-4.140000000000001,25.86,5.859999999999999,15.86,38.035,Q5_Most,completed,2025-08-09 23:11:08
E01000942,Camden,80,10.61,10.61,10.0,-4.390000000000001,25.61,5.609999999999999,15.61,15.339,Q2,completed,2025-08-09 23:11:33
E01000943,Camden,80,10.07,10.07,10.0,-4.93,25.07,5.07,15.07,19.812,Q3,completed,2025-08-09 23:11:54
E01000944,Camden,80,18.9,18.9,10.0,3.8999999999999986,33.9,13.899999999999999,23.9,22.702,Q3,completed,2025-08-09 23:12:18
E01000945,Camden,80,9.29,9.29,10.0,-5.710000000000001,24.29,4.289999999999999,14.29,29.491,Q4,completed,2025-08-09 23:12:46
E01000946,Camden,80,23.97,23.97,10.0,8.969999999999999,38.97,18.97,28.97,14.777,Q2,completed,2025-08-09 23:13:14
E01000947,Camden,80,14.28,14.28,10.0,-0.7200000000000006,29.28,9.28,19.28,24.682,Q4,completed,2025-08-09 23:13:38
E01000948,Camden,80,10.99,10.99,10.0,-4.01,25.990000000000002,5.99,15.99,28.939,Q4,completed,2025-08-09 23:13:56
E01000950,Camden,80,11.14,11.14,10.0,-3.8599999999999994,26.14,6.140000000000001,16.14,39.726,Q5_Most,completed,2025-08-09 23:14:16
E01000951,Camden,80,10.39,10.39,10.0,-4.609999999999999,25.39,5.390000000000001,15.39,34.249,Q5_Most,completed,2025-08-09 23:14:32
E01000952,Camden,80,21.84,21.84,10.0,6.84,36.84,16.84,26.84,33.388,Q5_Most,completed,2025-08-09 23:14:55
E01000953,Camden,80,9.91,9.91,10.0,-5.09,24.91,4.91,14.91,37.205,Q5_Most,completed,2025-08-09 23:15:26
E01000954,Camden,80,14.36,14.36,10.0,-0.6400000000000006,29.36,9.36,19.36,34.893,Q5_Most,completed,2025-08-09 23:15:47
E01000955,Camden,80,14.02,14.02,10.0,-0.9800000000000004,29.02,9.02,19.02,33.231,Q5_Most,completed,2025-08-09 23:16:11
E01000956,Camden,80,11.77,11.77,10.0,-3.2300000000000004,26.77,6.77,16.77,33.601,Q5_Most,completed,2025-08-09 23:16:30
E01000957,Camden,80,13.77,13.77,10.0,-1.2300000000000004,28.77,8.77,18.77,26.314,Q4,completed,2025-08-09 23:16:53
E01000958,Camden,80,16.13,16.13,10.0,1.129999999999999,31.13,11.129999999999999,21.13,24.531,Q4,completed,2025-08-09 23:17:13
E01000959,Camden,80,13.36,13.36,10.0,-1.6400000000000006,28.36,8.36,18.36,39.028,Q5_Most,completed,2025-08-09 23:17:34
E01000961,Camden,80,20.69,20.69,10.0,5.690000000000001,35.69,15.690000000000001,25.69,22.612,Q3,completed,2025-08-09 23:17:52
E01000962,Camden,80,26.91,26.91,10.0,11.91,41.91,21.91,31.91,6.05,Q1_Least,completed,2025-08-09 23:18:05
